"sim.id","1","2","3","4","5","6","7","8","9","10","person.eagerness.man.dist.gamma.a","person.eagerness.man.dist.gamma.b","conception.alpha_base","formation.hazard.agegapry.numrel_man","formation.hazard.agegapry.eagerness_diff","formation.hazard.agegapry.gap_factor_man_exp","person.agegap.man.dist.normal.mu","person.agegap.woman.dist.normal.mu","person.agegap.man.dist.normal.sigma","person.agegap.woman.dist.normal.sigma","person.eagerness.woman.dist.gamma.a","person.eagerness.woman.dist.gamma.b","formation.hazard.agegapry.numrel_woman","formation.hazard.agegapry.gap_factor_woman_exp"
1,0.265308087929152,0.156903917051386,0.803665265792515,0.515242890284862,0.872396067103837,0.120728773572482,0.881385385601316,0.206737978132442,0.900616094244178,0.598837007053662,0.604085367065389,13.6297154378262,-1.67120336209796,-0.778659953601193,-0.0127603932896163,-1.36719834907027,3.52554154240526,0.826951912529767,1.85092414136627,1.39825551058049,0.604085367065389,13.6297154378262,-0.778659953601193,-1.36719834907027
2,0.466848609040026,0.322537671390455,0.277413930250332,0.081603988497518,0.626477648741566,0.528743087535258,0.460475245749112,0.726915447707288,0.983553213477135,0.140742437855806,0.987012357176049,22.739571926475,-2.9342065673992,-1.38575441610347,-0.0373522351258434,-0.918382603711216,1.84190098299645,2.90766179082915,1.9753298202157,0.711113656783709,0.987012357176049,22.739571926475,-1.38575441610347,-0.918382603711216
3,0.913832833936904,0.664110383701045,0.849335062499158,0.662051142351702,0.0897567076073028,0.311988728062715,0.190339188734069,0.167452289597131,0.75577037754003,0.764536695559509,1.83628238448012,41.5260711035575,-1.56159585000202,-0.573128400707618,-0.0910243292392697,-1.15681239913101,0.761356754936278,0.669809158388525,1.63365556631004,1.64680504333926,1.83628238448012,41.5260711035575,-0.573128400707618,-1.15681239913101
4,0.0995498799835332,0.57122891113162,0.986732099498622,0.349752267156728,0.903779988079332,0.835345897586085,0.629160890183412,0.761240618706215,0.935350315584801,0.238880362706259,0.289144771968713,36.4175901122391,-1.23184296120331,-1.01034682598058,-0.00962200119206683,-0.581119512655306,2.51664356073365,3.04496247482486,1.9030254733772,0.858320544059388,0.289144771968713,36.4175901122391,-1.01034682598058,-0.581119512655306
5,0.541183565806132,0.311319665557239,0.707013571073767,0.579663548751269,0.404641441286076,0.351055621909909,0.378402003939264,0.391511717867106,0.606042728303,0.0970015924167819,1.12824877503165,22.1225816056482,-1.90316742942296,-0.688471031748224,-0.0595358558713924,-1.1138388158991,1.51360801575705,1.56604687146842,1.4090640924545,0.645502388625173,1.12824877503165,22.1225816056482,-0.688471031748224,-1.1138388158991
6,0.6803910005535,0.926401180082466,0.66847625407856,0.167600703223143,0.378122962957714,0.573839950172696,0.901788714164868,0.891774306253064,0.0948614897835068,0.423046156112105,1.39274290105165,55.9520649045357,-1.99565699021146,-1.2653590154876,-0.0621877037042286,-0.868776054810034,3.60715485665947,3.56709722501226,0.64229223467526,1.13456923416816,1.39274290105165,55.9520649045357,-1.2653590154876,-0.868776054810034
7,0.555045050329063,0.17346423432231,0.967061566549819,0.0107637053215876,0.544944081131835,0.867477059245575,0.554952679451089,0.330088694677688,0.0113162656803615,0.0658489080239087,1.15458559562522,14.540532887727,-1.27905224028043,-1.48493081254978,-0.0455055918868165,-0.545775234829867,2.21981071780436,1.32035477871075,0.516974398520542,0.598773362035863,1.15458559562522,14.540532887727,-1.48493081254978,-0.545775234829867
8,0.375784825552255,0.484227566046175,0.118588077595923,0.605158238760196,0.990503090226557,0.566957909979392,0.363069585270714,0.29633788643172,0.639645700487308,0.058704537700396,0.813991168549284,31.6325161325396,-3.31538861376978,-0.652778465735726,-0.000949690977344292,-0.876346299022669,1.45227834108286,1.18535154572688,1.45946855073096,0.588056806550594,0.813991168549284,31.6325161325396,-0.652778465735726,-0.876346299022669
9,0.878393039079383,0.969394088804256,0.554456444911193,0.886003051945008,0.591306217405945,0.73098391772015,0.0927437696186826,0.913727508850861,0.257424615763593,0.754465235592797,1.76894677425083,58.3166748842341,-2.26930453221314,-0.259595727276988,-0.0408693782594055,-0.695917690507835,0.37097507847473,3.65491003540345,0.88613692364539,1.6316978533892,1.76894677425083,58.3166748842341,-0.259595727276988,-0.695917690507835
10,0.236544449753128,0.0638388923089951,0.716766349920072,0.104370240909047,0.491614383161068,0.456115317933727,0.771282438554335,0.0527772004902363,0.553668393846601,0.133373730396852,0.549434454530943,8.51113907699473,-1.87976076019183,-1.35388166272733,-0.0508385616838932,-0.9982731502729,3.08512975421734,0.211108801960945,1.3305025907699,0.700060595595278,0.549434454530943,8.51113907699473,-1.35388166272733,-0.9982731502729
11,0.899445283398963,0.142285851310007,0.971278247826267,0.910016422611661,0.310894531598315,0.340209252538625,0.234293819132727,0.381725085007492,0.971508252948988,0.0856690860865638,1.80894603845803,12.8257218220504,-1.26893220521696,-0.225977008343674,-0.0689105468401685,-1.12576982220751,0.937175276530907,1.52690034002997,1.95726237942348,0.628503629129846,1.80894603845803,12.8257218220504,-0.225977008343674,-1.12576982220751
12,0.115116576296277,0.236902786858845,0.0773617153521627,0.904355515181087,0.264036140881944,0.23649712249171,0.826959449637216,0.122037111413665,0.462269396733027,0.504157649816479,0.318721494962927,18.0296532772365,-3.41433188315481,-0.233902278746478,-0.0735963859118056,-1.23985316525912,3.30783779854886,0.48814844565466,1.19340409509954,1.25623647472472,0.318721494962927,18.0296532772365,-0.233902278746478,-1.23985316525912
13,0.330849210591987,0.460098579174373,0.910672451483551,0.995009637689218,0.340638598678634,0.619783780702855,0.0233506071846932,0.482218708817381,0.527451168089174,0.628326606648043,0.728613500124775,30.3054218545905,-1.41438611643948,-0.106986507235095,-0.0659361401321366,-0.818237841226859,0.0934024287387729,1.92887483526953,1.29117675213376,1.44248990997206,0.728613500124775,30.3054218545905,-0.106986507235095,-0.818237841226859
14,0.0499477050942369,0.55686130894348,0.312808000696823,0.946696047061123,0.745620059224311,0.708425044592004,0.167012464334257,0.532534315045923,0.640505923777819,0.901537075880915,0.19490063967905,35.6273719918914,-2.84926079832762,-0.174625534114428,-0.0254379940775689,-0.720732450948795,0.668049857337028,2.13013726018369,1.46075888566673,1.85230561382137,0.19490063967905,35.6273719918914,-0.174625534114428,-0.720732450948795
15,0.854014441198669,0.857916745960247,0.884116176837124,0.376948571067769,0.483365241079591,0.388427858420182,0.978405349147506,0.171700976893771,0.915939932968467,0.9465864904318,1.72262743827747,52.1854210278136,-1.4781211755909,-0.972272000505123,-0.0516634758920409,-1.0727293557378,3.91362139659002,0.686803907575086,1.8739098994527,1.9198797356477,1.72262743827747,52.1854210278136,-0.972272000505123,-1.0727293557378
16,0.108956462966744,0.815074934887234,0.479434249971528,0.477825103143696,0.895406422810629,0.153874521625694,0.568826320066582,0.619216767640319,0.361532506484073,0.800010268189944,0.307017279636813,49.8291214187979,-2.44935780006833,-0.831044855598826,-0.0104593577189371,-1.33073802621174,2.27530528026633,2.47686707056127,1.04229875972611,1.70001540228492,0.307017279636813,49.8291214187979,-0.831044855598826,-1.33073802621174
17,0.218768584120553,0.273080762489699,0.859773425331805,0.0613902284554206,0.23913231221959,0.447930711021181,0.677665893500671,0.653453134584706,0.697627807250246,0.0732045092852786,0.515660309829051,20.0194419369334,-1.53654377920367,-1.41405368016241,-0.076086768778041,-1.0072762178767,2.71066357400268,2.61381253833883,1.54644171087537,0.609806763927918,0.515660309829051,20.0194419369334,-1.41405368016241,-1.0072762178767
18,0.902964847979602,0.597372122772504,0.430388665851206,0.411632456772495,0.813868807591498,0.664061965590809,0.433220276276115,0.850851092091762,0.929952810648829,0.749501328805927,1.81563321116124,37.8554667524877,-2.56706720195711,-0.923714560518507,-0.0186131192408502,-0.769531837850111,1.73288110510446,3.40340436836705,1.89492921597324,1.62425199320889,1.81563321116124,37.8554667524877,-0.923714560518507,-0.769531837850111
19,0.531325919097289,0.0530471524340101,0.875877277771942,0.787595429101493,0.609602671640459,0.912533489051275,0.210421170077752,0.90377817805158,0.951739981106948,0.1601255250955,1.10951924628485,7.91759338387055,-1.49789453334734,-0.39736639925791,-0.0390397328359541,-0.496213162043597,0.841684680311009,3.61511271220632,1.92760997166042,0.74018828764325,1.10951924628485,7.91759338387055,-0.39736639925791,-0.496213162043597
20,0.882659109076485,0.287747087017633,0.650300116771832,0.114437036174349,0.673846865913365,0.724193039890379,0.458927099222783,0.645433435195591,0.416191308225971,0.810790907654446,1.77705230724532,20.8260897859698,-2.0392797197476,-1.33978814935591,-0.0326153134086635,-0.703387656120583,1.83570839689113,2.58173374078237,1.12428696233896,1.71618636148167,1.77705230724532,20.8260897859698,-1.33978814935591,-0.703387656120583
21,0.650057275427971,0.421121136378497,0.215652812083717,0.746296688304283,0.939416019793134,0.334954995329026,0.266381051451899,0.557870109260548,0.995379831739701,0.512132883705199,1.33510882331314,28.1616625008173,-3.08243325099908,-0.455184636374004,-0.00605839802068658,-1.13154950513807,1.0655242058076,2.23148043704219,1.99306974760955,1.2681993255578,1.33510882331314,28.1616625008173,-0.455184636374004,-1.13154950513807
22,0.00819601821480319,0.43797743699979,0.73098227230832,0.731045128603,0.536806356571615,0.688582459569443,0.795544931162149,0.443203135277145,0.548182582622394,0.579948432589881,0.115572434608126,29.0887590349885,-1.84564254646003,-0.4765368199558,-0.0463193643428385,-0.742559294473613,3.18217972464859,1.77281254110858,1.32227387393359,1.36992264888482,0.115572434608126,29.0887590349885,-0.4765368199558,-0.742559294473613
23,0.241746616789605,0.0249100116733462,0.696302907885984,0.848355488972738,0.0190264235367067,0.437322648535483,0.787663299480919,0.638380385183264,0.263217469071969,0.844920395875815,0.55931857190025,6.37005064203404,-1.92887302107364,-0.312302315438166,-0.0980973576463293,-1.01894508661097,3.15065319792368,2.55352154073305,0.894826203607954,1.76738059381372,0.55931857190025,6.37005064203404,-0.312302315438166,-1.01894508661097
24,0.61843080552062,0.588329181747977,0.048185018345248,0.853339493619278,0.862537970656995,0.189744284905028,0.410968612944707,0.789984704852104,0.735823269367684,0.0362763411807828,1.27501853048918,37.3581049961387,-3.48435595597141,-0.305324708933011,-0.0137462029343005,-1.29128128660447,1.64387445177883,3.15993881940842,1.60373490405153,0.554414511771174,1.27501853048918,37.3581049961387,-0.305324708933011,-1.29128128660447
25,0.561667121667415,0.947584231549408,0.773500416630413,0.14199519188609,0.75406097129453,0.32100054909708,0.327480164875742,0.57213442992419,0.590709323794581,0.980059613350313,1.16716753116809,57.1171327352175,-1.74359900008701,-1.30120673135947,-0.024593902870547,-1.14689939599321,1.30992065950297,2.28853771969676,1.38606398569187,1.97008942002547,1.16716753116809,57.1171327352175,-1.30120673135947,-1.14689939599321
26,0.837640194350388,0.609021465608384,0.751339836749248,0.286945454764646,0.64014248613501,0.378325908370316,0.358752179876901,0.964372964913491,0.42570644013118,0.932858539987355,1.69151636926574,38.4961806084611,-1.7967843918018,-1.0982763633295,-0.035985751386499,-1.08384150079265,1.4350087195076,3.85749185965396,1.13855966019677,1.89928780998103,1.69151636926574,38.4961806084611,-1.0982763633295,-1.08384150079265
27,0.635189380873926,0.802784400130622,0.45080943378387,0.451658787627239,0.44110447794199,0.624505541778635,0.240076685955282,0.243787299962714,0.185606772506144,0.409864804171957,1.30685982366046,49.1531420071842,-2.51805735891871,-0.867677697321866,-0.055889552205801,-0.813043904043501,0.960306743821129,0.975149199850857,0.778410158759216,1.11479720625794,1.30685982366046,49.1531420071842,-0.867677697321866,-0.813043904043501
28,0.732726853033528,0.984456928498112,0.0135044331429526,0.63073963903822,0.92501537791919,0.80850459135836,0.17934916985454,0.439655767085496,0.584341709394939,0.0475769232492894,1.4921810207637,59.1451310673961,-3.56758936045691,-0.616964505346492,-0.00749846220808104,-0.610644949505804,0.717396679418162,1.75862306834199,1.37651256409241,0.571365384873934,1.4921810207637,59.1451310673961,-0.616964505346492,-0.610644949505804
29,0.703432031357661,0.522720157357398,0.899962717846502,0.550382361884695,0.413715266480576,0.225697515436914,0.114069656580687,0.366411165022291,0.769619487852324,0.650682749908883,1.43652085957956,33.7496086546569,-1.4400894771684,-0.729464693361428,-0.0586284733519424,-1.25173273301939,0.456278626322746,1.46564466008917,1.65442923177849,1.47602412486332,1.43652085957956,33.7496086546569,-0.729464693361428,-1.25173273301939
30,0.297050753401127,0.673299183256459,0.905329688107595,0.318460202165879,0.178059155542869,0.3696154251392,0.0678876338968985,0.878061353338417,0.56711271684384,0.328107639786322,0.664396431462141,42.0314550791052,-1.42720874854177,-1.05415571696777,-0.0821940844457131,-1.09342303234688,0.271550535587594,3.51224541335367,1.35066907526576,0.992161459679483,0.664396431462141,42.0314550791052,-1.05415571696777,-1.09342303234688
31,0.725915353011806,0.69863600653829,0.563358973804861,0.973735481973272,0.240079228435643,0.479547507339157,0.649761276245117,0.359190621888265,0.612584695320111,0.551228714070749,1.47923917072243,43.424980359606,-2.24793846286833,-0.136770325237419,-0.0759920771564357,-0.972497741926927,2.59904510498047,1.43676248755306,1.41887704298017,1.32684307110612,1.47923917072243,43.424980359606,-0.136770325237419,-0.972497741926927
32,0.0146937903761864,0.0110985795338638,0.0831423464347608,0.218807106972672,0.118365120592061,0.982837795088999,0.523334025458898,0.260586224480066,0.0492567753768526,0.99409918360645,0.127918201714754,5.61042187436251,-3.40045836855657,-1.19367005023826,-0.0881634879407939,-0.418878425402101,2.09333610183559,1.04234489792027,0.573885163065279,1.99114877540967,0.127918201714754,5.61042187436251,-1.19367005023826,-0.418878425402101
33,0.183363766055554,0.124022568997461,0.76382622060366,0.610903177724685,0.463768391793128,0.557396064978093,0.767872148209717,0.93477642855607,0.284208116631489,0.33927543645259,0.448391155505553,11.8212412948604,-1.76681707055122,-0.64473555118544,-0.0536231608206872,-0.886864328524098,3.07148859283887,3.73910571422428,0.926312174947234,1.00891315467888,0.448391155505553,11.8212412948604,-0.64473555118544,-0.886864328524098
34,0.279678374286741,0.744060750936624,0.260185464078095,0.764959074112121,0.523852485332172,0.240707425756846,0.680893609160557,0.996968827883247,0.898163007455878,0.0255420823930763,0.631388911144808,45.9233413015143,-2.97555488621257,-0.429057296243031,-0.0476147514667828,-1.23522183166747,2.72357443664223,3.98787531153299,1.84724451118382,0.538313123589614,0.631388911144808,45.9233413015143,-0.429057296243031,-1.23522183166747
35,0.136458418837283,0.914364792548586,0.200365391168743,0.957543227360584,0.0695153057551943,0.409001195468009,0.310436999020167,0.400446715094149,0.807546650476288,0.970142666143365,0.359270995790837,55.2900635901722,-3.11912306119502,-0.159439481695183,-0.0930484694244806,-1.05009868498519,1.24174799608067,1.6017868603766,1.71131997571443,1.95521399921505,0.359270995790837,55.2900635901722,-0.159439481695183,-1.05009868498519
36,0.251963011692278,0.731770000963006,0.00878513294039294,0.986058908130508,0.324756742394529,0.0613342057261616,0.60514933738159,0.457568543169182,0.944121433044784,0.279673652811907,0.578729722215328,45.2473500529653,-3.57891568094306,-0.119517528617289,-0.0675243257605471,-1.43253237370122,2.42059734952636,1.83027417267673,1.91618214956718,0.919510479217861,0.578729722215328,45.2473500529653,-0.119517528617289,-1.43253237370122
37,0.773571803851519,0.652657302001026,0.0340206402377225,0.175284127965569,0.735520937943365,0.775558860776946,0.860480893275235,0.18591673724819,0.0851441683201119,0.647700655325316,1.56978642731789,40.8961516100564,-3.51835046342947,-1.2546022208482,-0.0264479062056635,-0.646885253145359,3.44192357310094,0.743666948992759,0.627716252480168,1.47155098298797,1.56978642731789,40.8961516100564,-1.2546022208482,-0.646885253145359
38,0.825130180821288,0.136595500134863,0.624693810741883,0.359102066827472,0.949347163250204,0.856004080325365,0.530891961276066,0.0651014046301134,0.0654228471848182,0.390799524132162,1.66774734356045,12.5127525074175,-2.10073485421948,-0.997257106441539,-0.00506528367497958,-0.558395511642098,2.12356784510426,0.260405618520454,0.598134270777227,1.08619928619824,1.66774734356045,12.5127525074175,-0.997257106441539,-0.558395511642098
39,0.598829967405181,0.62816055504838,0.744023365101311,0.489857289039064,0.258634362560697,0.711329610389657,0.0768832552153617,0.754526017664466,0.209740243041888,0.203654198483564,1.23777693806984,39.5488305276609,-1.81434392375685,-0.81419979534531,-0.0741365637439303,-0.717537428571377,0.307533020861447,3.01810407065786,0.814610364562832,0.805481297725346,1.23777693806984,39.5488305276609,-0.81419979534531,-0.717537428571377
40,0.971526675652713,0.184211843446828,0.407020901024807,0.0427974256197922,0.452599144843407,0.995093123372644,0.150348385337275,0.150254819660913,0.490736379548907,0.874804265452549,1.94590068374015,15.1316513895756,-2.62314983754046,-1.44008360413229,-0.0547400855156593,-0.405397564290091,0.601393541349098,0.601019278643653,1.23610456932336,1.81220639817882,1.94590068374015,15.1316513895756,-1.44008360413229,-0.405397564290091
41,0.392304615974426,0.451600643042475,0.15399164465256,0.431234916946851,0.966876998345833,0.11367049907567,0.754309109244496,0.289618436093442,0.107695038053207,0.666757606919855,0.84537877035141,29.8380353673361,-3.23042005283386,-0.896271116274409,-0.00331230016541667,-1.37496245101676,3.01723643697798,1.15847374437377,0.661542557079811,1.50013641037978,0.84537877035141,29.8380353673361,-0.896271116274409,-1.37496245101676
42,0.80162988578435,0.532886101272888,0.615019583227113,0.321743790439796,0.204479072461836,0.0400330454739742,0.947592940512113,0.569876274396665,0.128725549092051,0.607864472507499,1.62309678299027,34.3087355700089,-2.12395300025493,-1.04955869338429,-0.0795520927538164,-1.45596364997863,3.79037176204845,2.27950509758666,0.693088323638076,1.41179670876125,1.62309678299027,34.3087355700089,-1.04955869338429,-1.45596364997863
43,0.526143468590453,0.258021290083416,0.860369737506844,0.098813352547586,0.772180162759032,0.960479798603337,0.878317969546188,0.146343595581129,0.279898655845318,0.838100580573082,1.09967259032186,19.1911709545879,-1.53511262998357,-1.36166130643338,-0.0227819837240968,-0.443472221536329,3.51327187818475,0.585374382324517,0.919847983767977,1.75715087085962,1.09967259032186,19.1911709545879,-1.36166130643338,-0.443472221536329
44,0.965016364438925,0.071642456818372,0.222979757348076,0.221246282721404,0.636862368150614,0.978820484501775,0.343824625168927,0.544255413468927,0.149651476440486,0.430786775036249,1.93353109243396,8.94033512501046,-3.06484858236462,-1.19025520419003,-0.0363137631849386,-0.423297467048047,1.37529850067571,2.17702165387571,0.724477214660728,1.14618016255437,1.93353109243396,8.94033512501046,-1.19025520419003,-0.423297467048047
45,0.621881188880652,0.227897927351296,0.939628419817891,0.532989689046517,0.519593820252921,0.758235170401167,0.996155548188835,0.592666259051766,0.116364213186316,0.451689144410193,1.28157425887324,17.5343860043213,-1.34489179243706,-0.753814435334876,-0.0480406179747079,-0.665941312558716,3.98462219275534,2.37066503620707,0.674546319779474,1.17753371661529,1.28157425887324,17.5343860043213,-0.753814435334876,-0.665941312558716
46,0.744077148525976,0.215242149699479,0.199350969046354,0.751647346399259,0.95259404480923,0.874130309009924,0.283449866503943,0.880805694879964,0.650653892939445,0.290367327940185,1.51374658219935,16.8383182334714,-3.12155767428875,-0.447693715041038,-0.00474059551907703,-0.538456660089083,1.13379946601577,3.52322277951986,1.47598083940917,0.935550991910277,1.51374658219935,16.8383182334714,-0.447693715041038,-0.538456660089083
47,0.475823880468961,0.5432003500266,0.309610991773661,0.800726095444988,0.704687599919271,0.0992173321801238,0.745322787740733,0.113301415634342,0.341284147549886,0.722401423088741,1.00406537289103,34.876019251463,-2.85693361974321,-0.378983466377016,-0.0295312400080729,-1.39086093460186,2.98129115096293,0.453205662537366,1.01192622132483,1.58360213463311,1.00406537289103,34.876019251463,-0.378983466377016,-1.39086093460186
48,0.503089290650096,0.832751770878676,0.587925953641534,0.702384139820933,0.613213395576458,0.174774029334076,0.852600091069471,0.838940501029138,0.704927847804502,0.919121951819397,1.05586965223518,50.8013473983272,-2.18897771126032,-0.516662204250693,-0.0386786604423542,-1.30774856773252,3.41040036427788,3.35576200411655,1.55739177170675,1.8786829277291,1.05586965223518,50.8013473983272,-0.516662204250693,-1.30774856773252
49,0.66480965640163,0.398018980382476,0.837547771928366,0.367166666053236,0.151646428145468,0.904749944235664,0.915728606223129,0.463066751984879,0.456632448602468,0.150013634797651,1.3631383471631,26.8910439210362,-1.58988534737192,-0.98596666752547,-0.0848353571854532,-0.50477506134077,3.66291442489251,1.85226700793952,1.1849486729037,0.725020452196477,1.3631383471631,26.8910439210362,-0.98596666752547,-0.50477506134077
50,0.30939394792309,0.261040244312026,0.320659666301217,0.0364502099179663,0.68714727725368,0.00657836067024618,0.83905846678419,0.704024238411803,0.771893787137233,0.612273004481103,0.687848501053872,19.3572134371614,-2.83041680087708,-1.44896970611485,-0.031285272274632,-1.49276380326273,3.35623386713676,2.81609695364721,1.65784068070585,1.41840950672165,0.687848501053872,19.3572134371614,-1.44896970611485,-1.49276380326273
51,0.320460405482445,0.378381222665776,0.721355047791731,0.690758749665692,0.385281657513697,0.481633204538375,0.715660218785051,0.505737913975026,0.441775983932894,0.441682629317511,0.708874770416645,25.8109672466177,-1.86874788529985,-0.532937750468031,-0.0614718342486303,-0.970203475007787,2.86264087514021,2.02295165590011,1.16266397589934,1.16252394397627,0.708874770416645,25.8109672466177,-0.532937750468031,-0.970203475007787
52,0.155348617297132,0.560792628736235,0.341235993755981,0.461727089220658,0.162347146801185,0.510951943711843,0.730564868177753,0.975969883843791,0.741155603255611,0.371497625149786,0.39516237286455,35.8435945804929,-2.78103361498564,-0.853582075091079,-0.0837652853198815,-0.937952861916972,2.92225947271101,3.90387953537516,1.61173340488342,1.05724643772468,0.39516237286455,35.8435945804929,-0.853582075091079,-0.937952861916972
53,0.574426607822534,0.897175640671048,0.447625438608229,0.591456703578588,0.780644316615071,0.848615147923119,0.121021137454081,0.945700171375647,0.431569524002261,0.856480971612036,1.19141055486281,54.3446602369077,-2.52569894734025,-0.671960614989977,-0.0219355683384929,-0.566523337284569,0.484084549816325,3.78280068550259,1.14735428600339,1.78472145741805,1.19141055486281,54.3446602369077,-0.671960614989977,-0.566523337284569
54,0.449063654695638,0.518646178266499,0.289034657159355,0.503919011843391,0.426757634961978,0.302398791697342,0.133283418559004,0.0721807128796354,0.668574108495377,0.584855725492816,0.953220943921711,33.5255398046575,-2.90631682281755,-0.794513383419253,-0.0573242365038022,-1.16736132913292,0.533133674236014,0.288722851518542,1.50286116274307,1.37728358823922,0.953220943921711,33.5255398046575,-0.794513383419253,-1.16736132913292
55,0.438810423817486,0.369785582080949,0.464026590902358,0.02231745099416,0.858061453618575,0.395554041319992,0.229906005072407,0.418201267444529,0.844248605316971,0.286932443194091,0.933739805253223,25.3382070144522,-2.48633618183434,-1.46875556860818,-0.0141938546381425,-1.06489055454801,0.91962402028963,1.67280506977811,1.76637290797546,0.930398664791137,0.933739805253223,25.3382070144522,-1.46875556860818,-1.06489055454801
56,0.0216324111633003,0.302491262075491,0.381825630078092,0.795613798229024,0.211154712352436,0.19849406595109,0.957143653393723,0.310366557808593,0.398783416710794,0.102896694566589,0.141101581210271,21.637019414152,-2.68361848781258,-0.386140682479367,-0.0788845287647564,-1.2816565274538,3.82857461357489,1.24146623123437,1.09817512506619,0.654345041849883,0.141101581210271,21.637019414152,-0.386140682479367,-1.2816565274538
57,0.317521907656919,0.950248606903478,0.39374565219041,0.155835201865993,0.976920144213363,0.67349647580646,0.540789741838817,0.526255828149151,0.158248265639413,0.899786716597155,0.703291624548147,57.2636733796913,-2.65501043474302,-1.28183071738761,-0.00230798557866366,-0.759153876612894,2.16315896735527,2.1050233125966,0.73737239845912,1.84968007489573,0.703291624548147,57.2636733796913,-1.28183071738761,-0.759153876612894
58,0.994029872021638,0.292229782319628,0.485062086773105,0.930987593382597,0.330217862285208,0.169757385952398,0.656142164494377,0.664334789381828,0.219788196168374,0.712881263294257,1.98865675684111,21.0726380275795,-2.43585099174455,-0.196617369264364,-0.0669782137714792,-1.31326687545236,2.62456865797751,2.65733915752731,0.829682294252561,1.56932189494139,1.98865675684111,21.0726380275795,-0.196617369264364,-1.31326687545236
59,0.0855695269349963,0.35122025499586,0.529135026789736,0.421589165413752,0.563613767086063,0.828694055301603,0.574932336728089,0.273569261385128,0.356345430158544,0.865257645212114,0.262582101176493,24.3171140247723,-2.33007593570463,-0.909775168420747,-0.0436386232913937,-0.588436539168237,2.29972934691235,1.09427704554051,1.03451814523782,1.79788646781817,0.262582101176493,24.3171140247723,-0.909775168420747,-0.588436539168237
60,0.920801692819223,0.0938523942488246,0.780766451810487,0.719220654040109,0.847322800499387,0.957541240509599,0.842690976548474,0.217736676400527,0.886915232760366,0.54077822269639,1.84952321635652,10.1618816836854,-1.72616051565483,-0.493091084343847,-0.0152677199500613,-0.446704635439441,3.3707639061939,0.870946705602109,1.83037284914055,1.31116733404459,1.84952321635652,10.1618816836854,-0.493091084343847,-0.446704635439441
61,0.41116568592377,0.410843304744922,0.541097455238923,0.818594497190788,0.583126230419148,0.932236734200269,0.9329311086284,0.42173452047864,0.96792183339363,0.30678553835256,0.881214803255163,27.5963817609707,-2.30136610742658,-0.353967703932896,-0.0416873769580852,-0.474539592379704,3.7317244345136,1.68693808191456,1.95188275009044,0.96017830752884,0.881214803255163,27.5963817609707,-0.353967703932896,-0.474539592379704
62,0.649251925612334,0.782825818997808,0.577542672224808,0.389071987534408,0.434471530532464,0.42769816465443,0.254752783002332,0.864932089732029,0.67034170645522,0.77181949716527,1.33357865866343,48.0554200448794,-2.21389758666046,-0.95529921745183,-0.0565528469467536,-1.02953201888013,1.01901113200933,3.45972835892811,1.50551255968283,1.65772924574791,1.33357865866343,48.0554200448794,-0.95529921745183,-1.02953201888013
63,0.228788442406803,0.505665824587923,0.943045987756923,0.641152689564042,0.558254390680231,0.60874713584315,0.639640785462689,0.957371889085043,0.478199936810415,0.925298044551164,0.534698040572926,32.8116203523357,-1.33668962938338,-0.602386234610342,-0.0441745609319769,-0.830378150572535,2.55856314185075,3.82948755634017,1.21729990521562,1.88794706682675,0.534698040572926,32.8116203523357,-0.602386234610342,-0.830378150572535
64,0.0716320762690157,0.703285423023626,0.237238096564543,0.190355392340571,0.00331795465201139,0.0204379310808145,0.184236321020871,0.745110010227654,0.0568763616262004,0.638016788288951,0.23610094491113,43.6806982662994,-3.0306285682451,-1.2335024507232,-0.0996682045347989,-1.4775182758111,0.736945284083486,2.98044004091062,0.585314542439301,1.45702518243343,0.23610094491113,43.6806982662994,-1.2335024507232,-1.4775182758111
65,0.585315639013425,0.0494347468274645,0.25232330028899,0.825857543875463,0.221440251672175,0.0319976070709527,0.278440970957745,0.0447508691600524,0.874317768919282,0.963131871959195,1.21209971412551,7.71891107551055,-2.99442407930642,-0.343799438574351,-0.0778559748327825,-1.46480263222195,1.11376388383098,0.17900347664021,1.81147665337892,1.94469780793879,1.21209971412551,7.71891107551055,-0.343799438574351,-1.46480263222195
66,0.359297921683174,0.193773035139311,0.0239345886697993,0.963141682648566,0.6930092075211,0.768537423582748,0.399538273513317,0.495878999405541,0.622438757868949,0.526912734117359,0.78266605119803,15.6575169326621,-3.54255698719248,-0.151601644292008,-0.03069907924789,-0.654608834058978,1.59815309405327,1.98351599762216,1.43365813680342,1.29036910117604,0.78266605119803,15.6575169326621,-0.151601644292008,-0.654608834058978
67,0.123257159937639,0.339533156123944,0.0550787939690053,0.205568892741576,0.791626017969102,0.0165225412836298,0.692864735247567,0.0357253737933934,0.30008147703018,0.467730445226189,0.334188603881514,23.6743235868169,-3.46781089447439,-1.21220355016179,-0.0208373982030898,-1.48182520458801,2.77145894099027,0.142901495173574,0.950122215545271,1.20159566783928,0.334188603881514,23.6743235868169,-1.21220355016179,-1.48182520458801
68,0.491607946308795,0.762732528676279,0.609399168654345,0.00354495415464044,0.188394715783652,0.658693320192397,0.505408493978903,0.236549177407287,0.484211061433889,0.12261793632526,1.03405509798671,46.9502890771953,-2.13744199522957,-1.4950370641835,-0.0811605284216348,-0.775437347788364,2.02163397591561,0.946196709629148,1.22631659215083,0.683926904487889,1.03405509798671,46.9502890771953,-1.4950370641835,-0.775437347788364
69,0.869497079178691,0.00687330156099051,0.810578751706053,0.441432683116291,0.146643074771855,0.89813636587467,0.485813783179037,0.698651255557779,0.197869569079485,0.786787601530086,1.75204445043951,5.37803158585448,-1.65461099590547,-0.881994243637193,-0.0853356925228145,-0.512049997537862,1.94325513271615,2.79460502223112,0.796804353619227,1.68018140229513,1.75204445043951,5.37803158585448,-0.881994243637193,-0.512049997537862
70,0.814623570486438,0.401369918044656,0.373047657045536,0.685671354627702,0.721388673055917,0.213614476379007,0.382562868944369,0.093968463758938,0.575955921227578,0.189921432959381,1.64778478392423,27.0753454924561,-2.70468562309071,-0.540060103521217,-0.0278611326944083,-1.26502407598309,1.53025147577748,0.375873855035752,1.36393388184137,0.784882149439072,1.64778478392423,27.0753454924561,-0.540060103521217,-1.26502407598309
71,0.16220770887332,0.908102107716259,0.0624092404404655,0.67334098657826,0.663258818138856,0.140908958460204,0.148780839683022,0.819601161556784,0.689849630587269,0.175514875198714,0.408194646859309,54.9456159243942,-3.45021782294288,-0.557322618790437,-0.0336741181861144,-1.34500014569378,0.595123358732089,3.27840464622714,1.5347744458809,0.763272312798072,0.408194646859309,54.9456159243942,-0.557322618790437,-1.34500014569378
72,0.380020192326047,0.167626046920195,0.413852034350857,0.131204011905938,0.05831430218881,0.135746552904602,0.0388230238761753,0.343808772552293,0.295280434559099,0.269306844735984,0.822038365419488,14.2194325806107,-2.60675511755794,-1.31631438333169,-0.094168569781119,-1.35067879180494,0.155292095504701,1.37523509020917,0.942920651838649,0.903960267103976,0.822038365419488,14.2194325806107,-1.31631438333169,-1.35067879180494
73,0.48619192603277,0.684424048338551,0.537629833556712,0.492558543242048,0.368225391043816,0.636547304135747,0.589873346847016,0.101700882799923,0.785232784177642,0.692074043448083,1.02376465946226,42.6433226586203,-2.30968839946389,-0.810418039461132,-0.0631774608956184,-0.799797965450678,2.35949338738807,0.406803531199694,1.67784917626646,1.53811106517212,1.02376465946226,42.6433226586203,-0.810418039461132,-0.799797965450678
74,0.844025059221312,0.874566756945569,0.688646469986998,0.293533853164408,0.121493999203667,0.498222047763411,0.701016209011432,0.672316048785578,0.22786444804864,0.342299590394832,1.70364761252049,53.1011716320063,-1.94724847203121,-1.08905260556983,-0.0878506000796333,-0.951955747460248,2.80406483604573,2.68926419514231,0.84179667207296,1.01344938559225,1.70364761252049,53.1011716320063,-1.08905260556983,-0.951955747460248
75,0.679000326106325,0.446804550888482,0.336791112150531,0.278313199293334,0.804212796895299,0.794555755150504,0.806187750021927,0.309499202093575,0.510877224092837,0.354839865893591,1.39010061960202,29.5742502988665,-2.79170133083873,-1.11036152098933,-0.0195787203104701,-0.625988669334445,3.22475100008771,1.2379968083743,1.26631583613926,1.03225979884039,1.39010061960202,29.5742502988665,-1.11036152098933,-0.625988669334445
76,0.145058819844853,0.110743979089893,0.16676762705436,0.527832239165436,0.0744518265151419,0.089843288983684,0.81704733769875,0.82083508157637,0.0325611198064871,0.474610593938269,0.375611757705221,11.0909188499441,-3.19975769506954,-0.761034865168389,-0.0925548173484858,-1.40117238211795,3.268189350795,3.28334032630548,0.548841679709731,1.2119158909074,0.375611757705221,11.0909188499441,-0.761034865168389,-1.40117238211795
77,0.787264870810322,0.776466290750541,0.951650525194127,0.869401522073895,0.138839273757767,0.277503983781207,0.961485884308349,0.0219304401590489,0.333566041202284,0.0178272135695443,1.59580325453961,47.7056459912797,-1.31603873953409,-0.282837869096547,-0.0861160726242233,-1.19474561784067,3.8459435372334,0.0877217606361955,1.00034906180343,0.526740820354316,1.59580325453961,47.7056459912797,-0.282837869096547,-1.19474561784067
78,0.190274866148829,0.477899141116068,0.368028674293309,0.338391990317032,0.354149973266758,0.541335556870326,0.448908105916344,0.320746952951886,0.852490554579999,0.950006052660756,0.461522245682776,31.2844527613837,-2.71673118169606,-1.02625121355616,-0.0645850026733242,-0.904530887442641,1.79563242366537,1.28298781180754,1.77873583187,1.92500907899113,0.461522245682776,31.2844527613837,-1.02625121355616,-0.904530887442641
79,0.943794132131152,0.242233165067155,0.357119934314396,0.261489850191865,0.196898921618704,0.922151735126972,0.611626703001093,0.776050160080194,0.86175018487731,0.117506233800668,1.89320885104919,18.3228240786935,-2.74291215764545,-1.13391420973139,-0.0803101078381296,-0.48563309136033,2.44650681200437,3.10420064032078,1.79262527731596,0.676259350701002,1.89320885104919,18.3228240786935,-1.13391420973139,-0.48563309136033
80,0.42386744662188,0.860409439904615,0.649287030890118,0.0759067608509213,0.287169208771083,0.26848379537696,0.00121866469504312,0.192158428963739,0.725729220807552,0.798307324375492,0.905348148581572,52.3225191947538,-2.04171112586372,-1.39373053480871,-0.0712830791228917,-1.20466782508534,0.00487465878017247,0.768633715854958,1.58859383121133,1.69746098656324,0.905348148581572,52.3225191947538,-1.39373053480871,-1.20466782508534
81,0.453378207252827,0.633846483633388,0.0900749460491352,0.878239626006689,0.980123791699298,0.584653411854524,0.929775568572804,0.605879872606602,0.234833931482863,0.493146712363232,0.96141859378037,39.8615565998363,-3.38382012948208,-0.270464523590636,-0.00198762083007023,-0.856881246960023,3.71910227429122,2.42351949042641,0.852250897224294,1.23972006854485,0.96141859378037,39.8615565998363,-0.270464523590636,-0.856881246960023
82,0.363644318513107,0.993440921539441,0.67596331653418,0.656318853653502,0.82037829448469,0.74915767790284,0.726271102654282,0.132288976032287,0.328099489691667,0.257120331600308,0.790924205174902,59.6392506846692,-1.97768804031797,-0.581153604885098,-0.017962170551531,-0.675926554306876,2.90508441061713,0.529155904129147,0.992149234537501,0.885680497400463,0.790924205174902,59.6392506846692,-0.581153604885098,-0.675926554306876
83,0.956387559697032,0.974463686922099,0.503667456808034,0.624699299614876,0.760908774142154,0.209165577383246,0.330191994300112,0.983909251792356,0.0075051523395814,0.00251711549237371,1.91713636342436,58.5955027807155,-2.39119810366072,-0.625420980539173,-0.0239091225857846,-1.26991786487843,1.32076797720045,3.93563700716943,0.511257728509372,0.503775673238561,1.91713636342436,58.5955027807155,-0.625420980539173,-1.26991786487843
84,0.980329143274575,0.713868331694976,0.127419671553653,0.122587409035768,0.883988239674363,0.598198545838241,0.518291641445831,0.713479059133679,0.243474437976256,0.383093474982306,1.96262537222169,44.2627582432237,-3.29419278827123,-1.32837762734992,-0.0116011760325637,-0.841981599577935,2.07316656578332,2.85391623653471,0.865211656964384,1.07464021247346,1.96262537222169,44.2627582432237,-1.32837762734992,-0.841981599577935
85,0.406961925884243,0.729183179154061,0.797620873905253,0.560245803508442,0.299002145759296,0.945669011576101,0.20998877475271,0.379183794024866,0.378068744842894,0.536959548471496,0.873227659180062,45.1050748534733,-1.68570990262739,-0.715655875088181,-0.0700997854240704,-0.459764087266289,0.83995509901084,1.51673517609946,1.06710311726434,1.30543932270724,0.873227659180062,45.1050748534733,-0.715655875088181,-0.459764087266289
86,0.348155641746707,0.491740175434388,0.632607229591813,0.243288081276696,0.0344490262842737,0.786154771612491,0.308680955162272,0.471120391236618,0.832517642281018,0.564230956470128,0.761495719318744,32.0457096488913,-2.08174264897965,-1.15939668621263,-0.0965550973715726,-0.635229751226259,1.23472382064909,1.88448156494647,1.74877646342153,1.34634643470519,0.761495719318744,32.0457096488913,-1.15939668621263,-0.635229751226259
87,0.715074228534941,0.841498705623671,0.142549358813558,0.772248534844257,0.3975515309209,0.0779480028990656,0.473969110748731,0.252549761435948,0.315929635539651,0.198528902130201,1.45864103421639,51.2824288093019,-3.25788153884746,-0.41885205121804,-0.06024484690791,-1.41425719681103,1.89587644299492,1.01019904574379,0.973894453309476,0.797793353195302,1.45864103421639,51.2824288093019,-0.41885205121804,-1.41425719681103
88,0.511125926258974,0.646131992288865,0.296788408099674,0.588773318394087,0.277114702395629,0.504396965485066,0.599362417825032,0.84186624069931,0.171562157333829,0.675343999166507,1.07113925989205,40.5372595758876,-2.88770782056078,-0.675717354248278,-0.0722885297604371,-0.945163337966427,2.39744967130013,3.36746496279724,0.757343236000743,1.51301599874976,1.07113925989205,40.5372595758876,-0.675717354248278,-0.945163337966427
89,0.769063233011402,0.820172433319967,0.824854806624353,0.926776542006992,0.301667563503142,0.10412587253144,0.403247728960123,0.627455435229931,0.401751596515533,0.245481775163207,1.56122014272166,50.1094838325982,-1.62034846410155,-0.202512841190212,-0.0698332436496858,-1.38546154021542,1.61299091584049,2.50982174091972,1.1026273947733,0.868222662744811,1.56122014272166,50.1094838325982,-0.202512841190212,-1.38546154021542
90,0.284133389531635,0.61066110484302,0.423785845302045,0.725259333036374,0.658691423891578,0.535654852851294,0.669724475615658,0.68932968782261,0.162263773009181,0.48845543978503,0.639853440110106,38.5863607663661,-2.58291397127509,-0.484636933749076,-0.0341308576108422,-0.910779661863577,2.67889790246263,2.75731875129044,0.743395659513772,1.23268315967754,0.639853440110106,38.5863607663661,-0.484636933749076,-0.910779661863577
91,0.694737557878252,0.757788390414789,0.240555479826871,0.255576866639312,0.910891845354345,0.641516478320118,0.895625984538347,0.0149471189384349,0.817919632520061,0.413770290799439,1.42000135996868,46.6783614728134,-3.02266684841551,-1.14219238670496,-0.00891081546456554,-0.79433187384787,3.58250393815339,0.0597884757537395,1.72687944878009,1.12065543619916,1.42000135996868,46.6783614728134,-1.14219238670496,-0.79433187384787
92,0.937137141800486,0.799356561270542,0.998990258984268,0.892474716734141,0.0916301366337575,0.258074608454481,0.0157932903780602,0.516449936812278,0.503883764797356,0.311660436785314,1.88056056942092,48.9646108698798,-1.20242337843776,-0.250535396572203,-0.0908369863366243,-1.21611793070007,0.0631731615122408,2.06579974724911,1.25582564719603,0.967490655177971,1.88056056942092,48.9646108698798,-0.250535396572203,-1.21611793070007
93,0.752418712105136,0.082072041395586,0.518017233137507,0.180072967708111,0.478493536883034,0.814956413663458,0.42824690353591,0.22175802586833,0.0791122203250416,0.36189248028677,1.52959555299976,9.51396227675723,-2.35675864046998,-1.24789784520864,-0.0521506463116966,-0.603547944970196,1.71298761414364,0.887032103473321,0.618668330487562,1.04283872043015,1.52959555299976,9.51396227675723,-1.24789784520864,-0.603547944970196
94,0.052996406275779,0.936433431569021,0.5948101305007,0.399489064351656,0.0462813034118153,0.411405091830529,0.101984444775153,0.806029946461786,0.381218470511958,0.738568678160664,0.20069317192398,56.5038387362962,-2.17245568679832,-0.940715309907682,-0.0953718696588185,-1.04745439898642,0.407937779100612,3.22411978584714,1.07182770576794,1.607853017241,0.20069317192398,56.5038387362962,-0.940715309907682,-1.04745439898642
95,0.0370447882148437,0.343313795751892,0.490321287591942,0.837191501385532,0.832084599509835,0.281102892791387,0.296189896350261,0.00887757665943354,0.139878351569641,0.21337503234623,0.170385097608203,23.8822587663541,-2.42322890977934,-0.327931898060255,-0.0167915400490165,-1.19078681792947,1.18475958540104,0.0355103066377342,0.709817527354462,0.820062548519345,0.170385097608203,23.8822587663541,-0.327931898060255,-1.19078681792947
96,0.60771674948046,0.889554215909447,0.135120068122633,0.542793245445937,0.0267286082683131,0.691107910634018,0.492245646149386,0.0849020940437913,0.827552879205905,0.227750282350462,1.25466182401287,53.9254818750196,-3.27571183650568,-0.740089456375688,-0.0973271391731687,-0.73978129830258,1.96898258459754,0.339608376175165,1.74132931880886,0.841625423525693,1.25466182401287,53.9254818750196,-0.740089456375688,-0.73978129830258
97,0.200138403405435,0.108171891570091,0.173731012721546,0.30743782856036,0.719642056908924,0.880047142794356,0.0802522373013198,0.920183835725766,0.0231077583390288,0.820690702020656,0.480262966470327,10.949454036355,-3.18304556946829,-1.0695870400155,-0.0280357943091076,-0.531948142926209,0.321008949205279,3.68073534290306,0.534661637508543,1.73103605303098,0.480262966470327,10.949454036355,-1.0695870400155,-0.531948142926209
98,0.0655131395347416,0.387402761431877,0.184985716848169,0.40870748400921,0.50881738852011,0.0523840435524471,0.987565051247366,0.581793907922693,0.710198653580155,0.682409492656589,0.224474965116009,26.3071518787532,-3.1560342795644,-0.927809522387106,-0.049118261147989,-1.44237755209231,3.95026020498946,2.32717563169077,1.56529798037023,1.52361423898488,0.224474965116009,26.3071518787532,-0.927809522387106,-1.44237755209231
99,0.796524611904752,0.202227059768047,0.103992657368071,0.0538037012517452,0.579617646869738,0.298788228791673,0.0563815694465302,0.732993911383674,0.536822830613237,0.70242801837856,1.61339676261903,16.1224882872426,-3.35041762231663,-1.42467481824756,-0.0420382353130262,-1.17133294832916,0.225526277786121,2.93197564553469,1.30523424591986,1.55364202756784,1.61339676261903,16.1224882872426,-1.42467481824756,-1.17133294832916
100,0.1793166070804,0.0304572471650317,0.920209469445981,0.237194475159049,0.104646931856405,0.460772186573595,0.0405786891304888,0.79276964061195,0.794387360666879,0.883871129890904,0.44070155345276,6.67514859407675,-1.39149727332965,-1.16792773477733,-0.0895353068143595,-0.993150594769046,0.162314756521955,3.1710785624478,1.69158104100032,1.82580669483636,0.44070155345276,6.67514859407675,-1.16792773477733,-0.993150594769046
