"sim.id","xdesign1","xdesign2","xdesign3","xdesign4","xdesign5","xdesign6","xdesign7","xdesign8","xdesign9","xdesign10","xdesign11","xdesign12","xdesign13","xdesign14","xdesign15","conception.alpha_base","person.art.accept.threshold.dist.fixed.value","person.eagerness.man.dist.gamma.a","person.eagerness.man.dist.gamma.b","person.eagerness.woman.dist.gamma.a","person.eagerness.woman.dist.gamma.b","formation.hazard.agegapry.numrel_man","formation.hazard.agegapry.numrel_woman","formation.hazard.agegapry.eagerness_diff","formation.hazard.agegapry.gap_factor_man_exp","formation.hazard.agegapry.gap_factor_woman_exp","person.agegap.man.dist.normal.mu","person.agegap.woman.dist.normal.mu","person.agegap.man.dist.normal.sigma","person.agegap.woman.dist.normal.sigma"
1,0.75285,0.88655,0.19005,0.85585,0.60965,0.62415,0.94105,0.47845,0.14105,0.75755,0.00405,0.64745,0.34975,0.96955,0.78885,-1.6943,0.843275,0.847065,55.6755,1.392545,48.7245,-0.18253,-0.83017,-0.051537,-0.666695,-1.495545,4.5898,3.399,1.96955,1.78885
2,0.24295,0.84515,0.71595,0.10955,0.57495,0.16765,0.68545,0.41005,0.86575,0.86655,0.28665,0.67885,0.00235,0.89245,0.53215,-2.7141,0.822575,1.530735,33.2865,1.347435,35.0295,-0.54037,-0.92593,-0.008055,-0.546795,-1.184685,4.7154,2.0094,1.89245,1.53215
3,0.63715,0.73965,0.54625,0.71865,0.31405,0.16385,0.81695,0.22335,0.35605,0.81705,0.26595,0.58685,0.21825,0.51665,0.42095,-1.9257,0.769825,1.310125,51.5595,1.008265,34.9155,-0.35627,-1.18731,-0.038637,-0.601245,-1.207455,4.3474,2.873,1.51665,1.42095
4,0.93675,0.55225,0.35845,0.29085,0.05675,0.28965,0.61355,0.42605,0.86625,0.78215,0.13715,0.12805,0.27965,0.88825,0.40715,-1.3265,0.676125,1.065985,38.7255,0.673775,38.6895,-0.64103,-0.90353,-0.008025,-0.639635,-1.349135,2.5122,3.1186,1.88825,1.40715
5,0.33275,0.04975,0.14055,0.08895,0.38365,0.51105,0.87125,0.62405,0.88145,0.99245,0.25755,0.47945,0.06655,0.96425,0.38675,-2.5345,0.424875,0.782715,32.6685,1.098745,45.3315,-0.28025,-0.62633,-0.007113,-0.408305,-1.216695,3.9178,2.2662,1.96425,1.38675
6,0.59565,0.98085,0.31095,0.84595,0.94705,0.83085,0.69905,0.04585,0.07755,0.20075,0.31065,0.06715,0.13395,0.65295,0.70145,-2.0087,0.890425,1.004235,55.3785,1.831165,54.9255,-0.52133,-1.43581,-0.055347,-1.279175,-1.158285,2.2686,2.5358,1.65295,1.70145
7,0.24035,0.75515,0.00625,0.61025,0.62585,0.61385,0.92865,0.53275,0.37345,0.29815,0.21035,0.15845,0.01915,0.33765,0.32775,-2.7193,0.777575,0.608125,48.3075,1.413605,48.4155,-0.19989,-0.75415,-0.037593,-1.172035,-1.268615,2.6338,2.0766,1.33765,1.32775
8,0.05675,0.14275,0.77255,0.73445,0.21465,0.10495,0.24455,0.56275,0.62975,0.84575,0.16535,0.34385,0.02955,0.80675,0.98595,-3.0865,0.471375,1.604315,52.0335,0.879045,33.1485,-1.15763,-0.71215,-0.022215,-0.569675,-1.318115,3.3754,2.1182,1.80675,1.98595
9,0.80535,0.87625,0.28365,0.25845,0.57415,0.31415,0.87685,0.20375,0.68345,0.92185,0.42505,0.78315,0.07365,0.65145,0.08465,-1.5893,0.838125,0.968745,37.7535,1.346395,39.4245,-0.27241,-1.21475,-0.018993,-0.485965,-1.032445,5.1326,2.2946,1.65145,1.08465
10,0.26015,0.56665,0.20015,0.71965,0.42075,0.65735,0.90215,0.48705,0.03155,0.97645,0.59025,0.39335,0.11465,0.95265,0.82545,-2.6797,0.683325,0.860195,51.5895,1.146975,49.7205,-0.23699,-0.81813,-0.058107,-0.425905,-0.850725,3.5734,2.4586,1.95265,1.82545
11,0.18095,0.14385,0.25315,0.84295,0.10495,0.98445,0.24735,0.10345,0.72845,0.63995,0.08305,0.02095,0.07515,0.47235,0.52775,-2.8381,0.471925,0.929095,55.2885,0.736435,59.5335,-1.15371,-1.35517,-0.016293,-0.796055,-1.408645,2.0838,2.3006,1.47235,1.52775
12,0.42255,0.56735,0.38675,0.78185,0.80495,0.31735,0.21325,0.30755,0.60735,0.91285,0.60855,0.61635,0.04765,0.65365,0.00415,-2.3549,0.683675,1.102775,53.4555,1.646435,39.5205,-1.20145,-1.06943,-0.023559,-0.495865,-0.830595,4.4654,2.1906,1.65365,1.00415
13,0.91015,0.66305,0.29495,0.63005,0.18315,0.96425,0.72165,0.34015,0.53145,0.90915,0.36955,0.30775,0.20725,0.91675,0.42045,-1.3797,0.731525,0.983435,48.9015,0.838095,58.9275,-0.48969,-1.02379,-0.028113,-0.499935,-1.093495,3.231,2.829,1.91675,1.42045
14,0.33655,0.54885,0.22225,0.93825,0.00015,0.19685,0.31345,0.95245,0.29365,0.23865,0.35035,0.20075,0.05245,0.99765,0.46215,-2.5269,0.674425,0.888925,58.1475,0.600195,35.9055,-1.06117,-0.16657,-0.042381,-1.237485,-1.114615,2.803,2.2098,1.99765,1.46215
15,0.63465,0.99325,0.62235,0.98295,0.36475,0.49405,0.08655,0.20125,0.20535,0.43985,0.13505,0.71365,0.02725,0.78045,0.51705,-1.9307,0.896625,1.409055,59.4885,1.074175,44.8215,-1.37883,-1.21825,-0.047679,-1.016165,-1.351445,4.8546,2.109,1.78045,1.51705
16,0.52165,0.57995,0.76045,0.78745,0.31155,0.25925,0.51055,0.28705,0.30565,0.35035,0.36895,0.12735,0.01185,0.91185,0.78365,-2.1567,0.689975,1.588585,53.6235,1.005015,37.7775,-0.78523,-1.09813,-0.041661,-1.114615,-1.094155,2.5094,2.0474,1.91185,1.78365
17,0.94515,0.83075,0.35405,0.16225,0.60505,0.87655,0.85715,0.16125,0.18525,0.56575,0.37775,0.18095,0.18585,0.49925,0.33275,-1.3097,0.815375,1.060265,34.8675,1.386565,56.2965,-0.29999,-1.27425,-0.048885,-0.877675,-1.084475,2.7238,2.7434,1.49925,1.33275
18,0.35505,0.25135,0.14575,0.69325,0.08095,0.58455,0.67835,0.62555,0.94125,0.75405,0.05505,0.24985,0.05705,0.46975,0.71335,-2.4899,0.525675,0.789475,50.7975,0.705235,47.5365,-0.55031,-0.62423,-0.003525,-0.670545,-1.439445,2.9994,2.2282,1.46975,1.71335
19,0.46285,0.12445,0.20325,0.81555,0.80215,0.08165,0.91505,0.67095,0.04595,0.95095,0.25745,0.70675,0.03055,0.22275,0.57285,-2.2743,0.462225,0.864225,54.4665,1.642795,32.4495,-0.21893,-0.56067,-0.057243,-0.453955,-1.216805,4.827,2.1222,1.22275,1.57285
20,0.58555,0.99715,0.54815,0.08925,0.79315,0.12815,0.71765,0.20175,0.12695,0.58595,0.04585,0.00185,0.30905,0.84505,0.83515,-2.0289,0.898575,1.312595,32.6775,1.631095,33.8445,-0.49529,-1.21755,-0.052383,-0.855455,-1.449565,2.0074,3.2362,1.84505,1.83515
21,0.96215,0.75685,0.22595,0.67665,0.09025,0.83865,0.53895,0.29115,0.87675,0.93055,0.14915,0.52885,0.06205,0.10035,0.66715,-1.2757,0.778425,0.893735,50.2995,0.717325,55.1595,-0.74547,-1.09239,-0.007395,-0.476395,-1.335935,4.1154,2.2482,1.10035,1.66715
22,0.87275,0.20035,0.26325,0.14745,0.47485,0.72535,0.99075,0.32335,0.29095,0.36805,0.09095,0.06915,0.07915,0.41135,0.72625,-1.4545,0.500175,0.942225,34.4235,1.217305,51.7605,-0.11295,-1.04731,-0.042543,-1.095145,-1.399955,2.2766,2.3166,1.41135,1.72625
23,0.37465,0.90635,0.41465,0.36945,0.77145,0.01855,0.29255,0.35725,0.56425,0.85575,0.27915,0.37415,0.07715,0.31325,0.66785,-2.4507,0.853175,1.139045,41.0835,1.602885,30.5565,-1.09043,-0.99985,-0.026145,-0.558675,-1.192935,3.4966,2.3086,1.31325,1.66785
24,0.71955,0.47935,0.68185,0.51315,0.19985,0.21545,0.79655,0.42215,0.33845,0.63325,0.25565,0.44465,0.05605,0.84885,0.75975,-1.7609,0.639675,1.486405,45.3945,0.859805,36.4635,-0.38483,-0.90899,-0.039693,-0.803425,-1.218785,3.7786,2.2242,1.84885,1.75975
25,0.55615,0.89695,0.17555,0.17545,0.45805,0.34035,0.84475,0.50365,0.26795,0.68815,0.50865,0.13715,0.11655,0.90725,0.63045,-2.0877,0.848475,0.828215,35.2635,1.195465,40.2105,-0.31735,-0.79489,-0.043923,-0.743035,-0.940485,2.5486,2.4662,1.90725,1.63045
26,0.78265,0.35925,0.90875,0.10125,0.04075,0.20815,0.29785,0.17525,0.72335,0.91245,0.25185,0.21435,0.15215,0.82845,0.54765,-1.6347,0.579625,1.781375,33.0375,0.652975,36.2445,-1.08301,-1.25465,-0.016599,-0.496305,-1.222965,2.8574,2.6086,1.82845,1.54765
27,0.90615,0.73435,0.00895,0.01895,0.53955,0.47235,0.69305,0.03005,0.69275,0.92165,0.37485,0.11455,0.26395,0.59045,0.07205,-1.3877,0.767175,0.611635,30.5685,1.301415,44.1705,-0.52973,-1.45793,-0.018435,-0.486185,-1.087665,2.4582,3.0558,1.59045,1.07205
28,0.64625,0.25515,0.43385,0.70655,0.25635,0.09575,0.82855,0.08805,0.07415,0.85055,0.20405,0.45865,0.02425,0.91925,0.85845,-1.9075,0.527575,1.164005,51.1965,0.933255,32.8725,-0.34003,-1.37673,-0.055551,-0.564395,-1.275545,3.8346,2.097,1.91925,1.85845
29,0.27685,0.45805,0.06735,0.91915,0.78265,0.66405,0.38055,0.27975,0.35165,0.49335,0.27535,0.08055,0.15805,0.71905,0.82745,-2.6463,0.629025,0.687555,57.5745,1.617445,49.9215,-0.96723,-1.10835,-0.038901,-0.957315,-1.197115,2.3222,2.6322,1.71905,1.82745
30,0.37875,0.43005,0.11155,0.55455,0.88555,0.26545,0.78495,0.16755,0.37295,0.60455,0.03425,0.49775,0.04935,0.14425,0.78165,-2.4425,0.615025,0.745015,46.6365,1.751215,37.9635,-0.40107,-1.26543,-0.037623,-0.834995,-1.462325,3.991,2.1974,1.14425,1.78165
31,0.84965,0.77085,0.96095,0.22955,0.04755,0.90715,0.01715,0.21805,0.82895,0.54735,0.21045,0.30635,0.05345,0.52805,0.64295,-1.5007,0.785425,1.849235,36.8865,0.661815,57.2145,-1.47599,-1.19473,-0.010263,-0.897915,-1.268505,3.2254,2.2138,1.52805,1.64295
32,0.95755,0.81255,0.64365,0.05485,0.08385,0.49095,0.74095,0.14805,0.66275,0.91715,0.17355,0.25745,0.25515,0.45675,0.16565,-1.2849,0.806275,1.436745,31.6455,0.709005,44.7285,-0.46267,-1.29273,-0.020235,-0.491135,-1.309095,3.0298,3.0206,1.45675,1.16565
33,0.52755,0.23495,0.35935,0.88955,0.84195,0.65775,0.62565,0.40565,0.04905,0.98015,0.11495,0.97845,0.14555,0.27525,0.85365,-2.1449,0.517475,1.067155,56.6865,1.694535,49.7325,-0.62409,-0.93209,-0.057057,-0.421835,-1.373555,5.9138,2.5822,1.27525,1.85365
34,0.94495,0.63145,0.23165,0.91255,0.72055,0.62035,0.51155,0.04275,0.13815,0.84665,0.18805,0.90865,0.04285,0.43555,0.51485,-1.3101,0.715725,0.901145,57.3765,1.536715,48.6105,-0.78383,-1.44015,-0.051711,-0.568685,-1.293145,5.6346,2.1714,1.43555,1.51485
35,0.14285,0.58055,0.20625,0.87185,0.90865,0.39715,0.86225,0.61945,0.21125,0.10735,0.06485,0.15315,0.09485,0.83575,0.51585,-2.9143,0.690275,0.868125,56.1555,1.781245,41.9145,-0.29285,-0.63277,-0.047325,-1.381915,-1.428665,2.6126,2.3794,1.83575,1.51585
36,0.25565,0.88355,0.60955,0.83875,0.45295,0.38035,0.68755,0.00635,0.23025,0.57935,0.34655,0.35475,0.16035,0.98725,0.30825,-2.6887,0.841775,1.392415,55.1625,1.188835,41.4105,-0.53743,-1.49111,-0.046185,-0.862715,-1.118795,3.419,2.6414,1.98725,1.30825
37,0.94545,0.70795,0.62455,0.84165,0.23705,0.84575,0.59885,0.31775,0.53925,0.29245,0.18205,0.24095,0.10315,0.65655,0.04285,-1.3091,0.753975,1.411915,55.2495,0.908165,55.3725,-0.66161,-1.05515,-0.027645,-1.178305,-1.299745,2.9638,2.4126,1.65655,1.04285
38,0.34295,0.82855,0.36525,0.67575,0.09915,0.31215,0.46955,0.70595,0.09095,0.66785,0.13885,0.12075,0.23875,0.72055,0.42025,-2.5141,0.814275,1.074825,50.2725,0.728895,39.3645,-0.84263,-0.51167,-0.054543,-0.765365,-1.347265,2.483,2.955,1.72055,1.42025
39,0.59765,0.10655,0.75855,0.33995,0.22015,0.09585,0.75245,0.66775,0.56615,0.79945,0.43555,0.26965,0.19145,0.89275,0.02485,-2.0047,0.453275,1.586115,40.1985,0.886195,32.8755,-0.44657,-0.56515,-0.026031,-0.620605,-1.020895,3.0786,2.7658,1.89275,1.02485
40,0.31435,0.35685,0.25405,0.58385,0.49445,0.20265,0.90485,0.45815,0.46565,0.52795,0.31775,0.15035,0.01235,0.06175,0.76085,-2.5713,0.578425,0.930265,47.5155,1.242785,36.0795,-0.23321,-0.85859,-0.032061,-0.919255,-1.150475,2.6014,2.0494,1.06175,1.76085
41,0.46365,0.59595,0.03195,0.75745,0.54845,0.34755,0.69995,0.05515,0.51875,0.96035,0.83915,0.08195,0.11365,0.83105,0.47395,-2.2727,0.697975,0.641535,52.7235,1.312985,40.4265,-0.52007,-1.42279,-0.028875,-0.443615,-0.576935,2.3278,2.4546,1.83105,1.47395
42,0.84615,0.40415,0.50275,0.16645,0.98855,0.27015,0.22755,0.16235,0.91865,0.84305,0.25235,0.81155,0.05195,0.77825,0.38225,-1.5077,0.602075,1.253575,34.9935,1.885115,38.1045,-1.18143,-1.27271,-0.004881,-0.572645,-1.222415,5.2462,2.2078,1.77825,1.38225
43,0.95595,0.34455,0.45715,0.76565,0.11345,0.00535,0.63095,0.78815,0.14365,0.57685,0.37675,0.11345,0.29295,0.95085,0.81775,-1.2881,0.572275,1.194295,52.9695,0.747485,30.1605,-0.61667,-0.39659,-0.051381,-0.865465,-1.085575,2.4538,3.1718,1.95085,1.81775
44,0.97335,0.45875,0.49185,0.93665,0.86305,0.17185,0.71225,0.27925,0.16505,0.75945,0.63785,0.46445,0.10875,0.99925,0.96545,-1.2533,0.629375,1.239405,58.0995,1.721965,35.1555,-0.50285,-1.10905,-0.050097,-0.664605,-0.798365,3.8578,2.435,1.99925,1.96545
45,0.61405,0.54445,0.32175,0.28705,0.76135,0.43185,0.18345,0.00825,0.41575,0.79075,0.21445,0.21525,0.25355,0.60195,0.41965,-1.9719,0.672225,1.018275,38.6115,1.589755,42.9555,-1.24317,-1.48845,-0.035055,-0.630175,-1.264105,2.861,3.0142,1.60195,1.41965
46,0.24785,0.17665,0.43115,0.76965,0.25875,0.54475,0.49625,0.38635,0.33215,0.76025,0.33535,0.39725,0.12245,0.94725,0.50205,-2.7043,0.488325,1.160495,53.0895,0.936375,46.3425,-0.80525,-0.95911,-0.040071,-0.663725,-1.131115,3.589,2.4898,1.94725,1.50205
47,0.75045,0.95735,0.50545,0.92575,0.69805,0.34805,0.32585,0.27745,0.24705,0.61245,0.43135,0.34165,0.16415,0.21385,0.97105,-1.6991,0.878675,1.257085,57.7725,1.507465,40.4415,-1.04381,-1.11157,-0.045177,-0.826305,-1.025515,3.3666,2.6566,1.21385,1.97105
48,0.79275,0.96395,0.89085,0.08225,0.95125,0.75365,0.88785,0.34355,0.25985,0.79165,0.15105,0.91015,0.10825,0.32005,0.48045,-1.6145,0.881975,1.758105,32.4675,1.836625,52.6095,-0.25701,-1.01903,-0.044409,-0.629185,-1.333845,5.6406,2.433,1.32005,1.48045
49,0.86815,0.21155,0.71855,0.40935,0.55115,0.63405,0.74305,0.73415,0.41675,0.19155,0.01545,0.42185,0.02385,0.31515,0.23665,-1.4637,0.505775,1.534115,42.2805,1.316495,49.0215,-0.45973,-0.47219,-0.034995,-1.289295,-1.483005,3.6874,2.0954,1.31515,1.23665
50,0.73315,0.46225,0.24255,0.89035,0.36515,0.08815,0.32455,0.44555,0.02535,0.79845,0.13325,0.92805,0.03645,0.18915,0.17235,-1.7337,0.631125,0.915315,56.7105,1.074695,32.6445,-1.04563,-0.87623,-0.058479,-0.621705,-1.353425,5.7122,2.1458,1.18915,1.17235
51,0.77845,0.43135,0.18245,0.74575,0.70035,0.17545,0.08995,0.25445,0.01005,0.99465,0.39885,0.51525,0.12685,0.07535,0.02585,-1.6431,0.615675,0.837185,52.3725,1.510455,35.2635,-1.37407,-1.14377,-0.059397,-0.405885,-1.061265,4.061,2.5074,1.07535,1.02585
52,0.79235,0.54935,0.61495,0.39105,0.19335,0.26345,0.56725,0.10855,0.50665,0.90895,0.21195,0.03605,0.31605,0.24175,0.76805,-1.6153,0.674675,1.399435,41.7315,0.851355,37.9035,-0.70585,-1.34803,-0.029601,-0.500155,-1.266855,2.1442,3.2642,1.24175,1.76805
53,0.71235,0.69145,0.03805,0.95605,0.04055,0.70085,0.67165,0.95445,0.09265,0.31535,0.48335,0.36805,0.00695,0.90355,0.94715,-1.7753,0.745725,0.649465,58.6815,0.652715,51.0255,-0.55969,-0.16377,-0.054441,-1.153115,-0.968315,3.4722,2.0278,1.90355,1.94715
54,0.62975,0.22535,0.21405,0.52305,0.01875,0.63745,0.99835,0.66755,0.61925,0.90685,0.52365,0.34375,0.02555,0.13815,0.35935,-1.9405,0.512675,0.878265,45.6915,0.624375,49.1235,-0.10231,-0.56543,-0.022845,-0.502465,-0.923985,3.375,2.1022,1.13815,1.35935
55,0.87015,0.65675,0.60465,0.56255,0.09665,0.08795,0.39905,0.76185,0.51135,0.74335,0.45695,0.36415,0.06435,0.12315,0.31935,-1.4597,0.728375,1.386045,46.8765,0.725645,32.6385,-0.94133,-0.43341,-0.029319,-0.682315,-0.997355,3.4566,2.2574,1.12315,1.31935
56,0.52465,0.93985,0.80745,0.72645,0.08475,0.26155,0.25785,0.43215,0.38585,0.87455,0.17855,0.10135,0.40165,0.47615,0.08495,-2.1507,0.869925,1.649685,51.7935,0.710175,37.8465,-1.13901,-0.89499,-0.036849,-0.537995,-1.303595,2.4054,3.6066,1.47615,1.08495
57,0.56455,0.35075,0.06445,0.81245,0.50665,0.70885,0.25775,0.18255,0.52155,0.29255,0.07325,0.10075,0.10765,0.56235,0.01135,-2.0709,0.575375,0.683785,54.3735,1.258645,51.2655,-1.13915,-1.24443,-0.028707,-1.178195,-1.419425,2.403,2.4306,1.56235,1.01135
58,0.06035,0.95295,0.35275,0.40785,0.28155,0.11275,0.71465,0.69125,0.54285,0.68355,0.64385,0.16705,0.00215,0.68435,0.24295,-3.0793,0.876475,1.058575,42.2355,0.966015,33.3825,-0.49949,-0.53225,-0.027429,-0.748095,-0.791765,2.6682,2.0086,1.68435,1.24295
59,0.91765,0.55645,0.13655,0.60835,0.04705,0.29515,0.80665,0.77205,0.98105,0.77815,0.49165,0.32965,0.08635,0.41245,0.18215,-1.3647,0.678225,0.777515,48.2505,0.661165,38.8545,-0.37069,-0.41913,-0.001137,-0.644035,-0.959185,3.3186,2.3454,1.41245,1.18215
60,0.93245,0.90575,0.16825,0.63165,0.49235,0.55715,0.41745,0.22385,0.18745,0.64205,0.82055,0.11495,0.06815,0.42655,0.25085,-1.3351,0.852875,0.818725,48.9495,1.240055,46.7145,-0.91557,-1.18661,-0.048753,-0.793745,-0.597395,2.4598,2.2726,1.42655,1.25085
61,0.43875,0.93865,0.07995,0.35565,0.78745,0.74895,0.10875,0.08905,0.63055,0.64735,0.08585,0.35435,0.14105,0.54095,0.07875,-2.3225,0.869325,0.703935,40.6695,1.623685,52.4685,-1.34775,-1.37533,-0.022167,-0.787915,-1.405565,3.4174,2.5642,1.54095,1.07875
62,0.02125,0.43975,0.23215,0.70995,0.28575,0.30055,0.28115,0.72905,0.21185,0.55225,0.18145,0.00775,0.17005,0.08025,0.78025,-3.1575,0.619875,0.901795,51.2985,0.971475,39.0165,-1.10639,-0.47933,-0.047289,-0.892525,-1.300405,2.031,2.6802,1.08025,1.78025
63,0.48675,0.23685,0.83385,0.54065,0.21235,0.43835,0.98775,0.36085,0.08535,0.95665,0.66355,0.26365,0.02475,0.40415,0.02495,-2.2265,0.518425,1.684005,46.2195,0.876055,43.1505,-0.11715,-0.99481,-0.054879,-0.447685,-0.770095,3.0546,2.099,1.40415,1.02495
64,0.96385,0.22085,0.40735,0.59385,0.54015,0.10155,0.52845,0.55575,0.40825,0.99545,0.57825,0.20445,0.24235,0.44925,0.70365,-1.2723,0.510425,1.129555,47.8155,1.302195,33.0465,-0.76017,-0.72195,-0.035505,-0.405005,-0.863925,2.8178,2.9694,1.44925,1.70365
65,0.62825,0.20505,0.00755,0.26595,0.79595,0.93245,0.78195,0.35805,0.08875,0.91755,0.67205,0.28455,0.15535,0.20495,0.17615,-1.9435,0.502525,0.609815,37.9785,1.634735,57.9735,-0.40527,-0.99873,-0.054675,-0.490695,-0.760745,3.1382,2.6214,1.20495,1.17615
66,0.74505,0.87375,0.74075,0.43375,0.85795,0.14555,0.78315,0.65945,0.65035,0.68855,0.52995,0.89645,0.01645,0.99455,0.70465,-1.7099,0.836875,1.562975,43.0125,1.715335,34.3665,-0.40359,-0.57677,-0.020979,-0.742595,-0.917055,5.5858,2.0658,1.99455,1.70465
67,0.94105,0.97415,0.82735,0.18485,0.09795,0.72965,0.67535,0.70855,0.11745,0.54325,0.04465,0.32515,0.34755,0.90565,0.87975,-1.3179,0.887075,1.675555,35.5455,0.727335,51.8895,-0.55451,-0.50803,-0.052953,-0.902425,-1.450885,3.3006,3.3902,1.90565,1.87975
68,0.39565,0.40365,0.21965,0.34925,0.53355,0.15485,0.29525,0.62065,0.80195,0.95345,0.52945,0.05885,0.12085,0.74465,0.26195,-2.4087,0.601825,0.885545,40.4775,1.293615,34.6455,-1.08665,-0.63109,-0.011883,-0.451205,-0.917605,2.2354,2.4834,1.74465,1.26195
69,0.17625,0.92895,0.04405,0.87675,0.75695,0.12865,0.63005,0.31245,0.17075,0.95905,0.11245,0.79965,0.11565,0.95675,0.98905,-2.8475,0.864475,0.657265,56.3025,1.584035,33.8595,-0.61793,-1.06257,-0.049755,-0.445045,-1.376305,5.1986,2.4626,1.95675,1.98905
70,0.11635,0.37575,0.69415,0.54155,0.05515,0.17085,0.93665,0.27615,0.54265,0.94345,0.02705,0.17405,0.21935,0.39375,0.87285,-2.9673,0.587875,1.502395,46.2465,0.671695,35.1255,-0.18869,-1.11339,-0.027441,-0.462205,-1.470245,2.6962,2.8774,1.39375,1.87285
71,0.71055,0.03665,0.77935,0.80075,0.96985,0.58015,0.71615,0.13915,0.24775,0.16755,0.13475,0.46375,0.01515,0.30425,0.22505,-1.7789,0.418325,1.613155,54.0225,1.860805,47.4045,-0.49739,-1.30519,-0.045135,-1.315695,-1.351775,3.855,2.0606,1.30425,1.22505
72,0.56685,0.39095,0.92175,0.30435,0.72515,0.38975,0.46275,0.10775,0.42755,0.52615,0.27045,0.29265,0.00345,0.63805,0.46175,-2.0663,0.595475,1.798275,39.1305,1.542695,41.6925,-0.85215,-1.34915,-0.034347,-0.921235,-1.202505,3.1706,2.0138,1.63805,1.46175
73,0.14035,0.18325,0.04645,0.76925,0.03605,0.50505,0.06555,0.58935,0.87545,0.98215,0.36575,0.19915,0.05455,0.60875,0.20845,-2.9193,0.491625,0.660385,53.0775,0.646865,45.1515,-1.40823,-0.67491,-0.007473,-0.419635,-1.097675,2.7966,2.2182,1.60875,1.20845
74,0.40715,0.53335,0.77365,0.38355,0.79975,0.68325,0.41565,0.06805,0.34135,0.30105,0.13925,0.30875,0.04985,0.54835,0.23765,-2.3857,0.666675,1.605745,41.5065,1.639675,50.4975,-0.91809,-1.40473,-0.039519,-1.168845,-1.346825,3.235,2.1994,1.54835,1.23765
75,0.84585,0.10135,0.63085,0.73335,0.35895,0.37425,0.57075,0.57565,0.47585,0.50535,0.58195,0.37655,0.00255,0.63905,0.32035,-1.5083,0.450675,1.420105,52.0005,1.066635,41.2275,-0.70095,-0.69409,-0.031449,-0.944115,-0.859855,3.5062,2.0102,1.63905,1.32035
76,0.52585,0.50385,0.45065,0.87505,0.30325,0.36115,0.75435,0.14505,0.21305,0.60965,0.08315,0.73915,0.12575,0.77225,0.28245,-2.1483,0.651925,1.185845,56.2515,0.994225,40.8345,-0.44391,-1.29693,-0.047217,-0.829385,-1.408535,4.9566,2.503,1.77225,1.28245
77,0.89675,0.65615,0.99095,0.56465,0.42165,0.97195,0.16185,0.51085,0.26785,0.58885,0.16895,0.84675,0.08605,0.39715,0.04785,-1.4065,0.728075,1.888235,46.9395,1.148145,59.1585,-1.27341,-0.78481,-0.043929,-0.852265,-1.314155,5.387,2.3442,1.39715,1.04785
78,0.12465,0.96165,0.37145,0.85255,0.89905,0.15675,0.19385,0.14205,0.89355,0.69325,0.04415,0.51235,0.06215,0.00925,0.15635,-2.9507,0.880825,1.082885,55.5765,1.768765,34.7025,-1.22861,-1.30113,-0.006387,-0.737425,-1.451435,4.0494,2.2486,1.00925,1.15635
79,0.77625,0.59345,0.45245,0.24235,0.62255,0.49785,0.96365,0.70845,0.80885,0.44025,0.35815,0.49225,0.03925,0.52595,0.79905,-1.6475,0.696725,1.188185,37.2705,1.409315,44.9355,-0.15089,-0.50817,-0.011469,-1.015725,-1.106035,3.969,2.157,1.52595,1.79905
80,0.99355,0.10395,0.74705,0.75305,0.07565,0.95415,0.04735,0.06775,0.88935,0.83045,0.20105,0.56595,0.12045,0.95535,0.83245,-1.2129,0.451975,1.571165,52.5915,0.698345,58.6245,-1.43371,-1.40515,-0.006639,-0.586505,-1.278845,4.2638,2.4818,1.95535,1.83245
81,0.25935,0.64755,0.05945,0.99965,0.06615,0.70845,0.16495,0.31495,0.21235,0.98055,0.72115,0.06285,0.33495,0.59525,0.04535,-2.6813,0.723775,0.677285,59.9895,0.685995,51.2535,-1.26907,-1.05907,-0.047259,-0.421395,-0.706735,2.2514,3.3398,1.59525,1.04535
82,0.97115,0.14355,0.16055,0.31575,0.65175,0.16735,0.47585,0.65525,0.14385,0.87235,0.66735,0.28045,0.01555,0.46465,0.85495,-1.2577,0.471775,0.808715,39.4725,1.447275,35.0205,-0.83381,-0.58265,-0.051369,-0.540415,-0.765915,3.1218,2.0622,1.46465,1.85495
83,0.17955,0.36165,0.91735,0.90245,0.03515,0.04855,0.70675,0.25815,0.34735,0.43935,0.03875,0.09645,0.06455,0.70425,0.76385,-2.8409,0.580825,1.792555,57.0735,0.645695,31.4565,-0.51055,-1.13859,-0.039159,-1.016715,-1.457375,2.3858,2.2582,1.70425,1.76385
84,0.76185,0.79995,0.13085,0.96465,0.96965,0.58665,0.88225,0.14145,0.21575,0.23195,0.01415,0.58625,0.12865,0.68185,0.27995,-1.6763,0.799975,0.770105,58.9395,1.860545,47.5995,-0.26485,-1.30197,-0.047055,-1.244855,-1.484435,4.345,2.5146,1.68185,1.27995
85,0.70585,0.64785,0.43565,0.14835,0.51995,0.26335,0.38115,0.66685,0.43345,0.86355,0.00905,0.10415,0.29805,0.10905,0.85145,-1.7883,0.723925,1.166345,34.4505,1.275935,37.9005,-0.96639,-0.56641,-0.033993,-0.550095,-1.490045,2.4166,3.1922,1.10905,1.85145
86,0.82945,0.99765,0.65815,0.07825,0.22005,0.64715,0.64265,0.69025,0.67445,0.93715,0.55835,0.57205,0.15865,0.44815,0.02815,-1.5411,0.898825,1.455595,32.3475,0.886065,49.4145,-0.60029,-0.53365,-0.019533,-0.469135,-0.885815,4.2882,2.6346,1.44815,1.02815
87,0.69945,0.58115,0.63055,0.00305,0.52645,0.61715,0.50865,0.14695,0.63545,0.88225,0.26635,0.55415,0.17305,0.59565,0.34225,-1.8011,0.690575,1.419715,30.0915,1.284385,48.5145,-0.78789,-1.29427,-0.021873,-0.529525,-1.207015,4.2166,2.6922,1.59565,1.34225
88,0.93005,0.70035,0.58135,0.83695,0.20765,0.28375,0.24085,0.78615,0.84475,0.35965,0.15705,0.45625,0.18105,0.73425,0.88295,-1.3399,0.750175,1.355755,55.1085,0.869945,38.5125,-1.16281,-0.39939,-0.009315,-1.104385,-1.327245,3.825,2.7242,1.73425,1.88295
89,0.92615,0.89315,0.31815,0.94885,0.82125,0.52495,0.15905,0.27595,0.60055,0.13415,0.18905,0.11985,0.06195,0.70255,0.64265,-1.3477,0.846575,1.013595,58.4655,1.667625,45.7485,-1.27733,-1.11367,-0.023967,-1.352435,-1.292045,2.4794,2.2478,1.70255,1.64265
90,0.84545,0.49015,0.00615,0.82755,0.21175,0.86825,0.52595,0.07135,0.98405,0.58795,0.66765,0.14425,0.02335,0.35565,0.97995,-1.5091,0.645075,0.607995,54.8265,0.875275,56.0475,-0.76367,-1.40011,-0.000957,-0.853255,-0.765585,2.577,2.0934,1.35565,1.97995
91,0.40875,0.75975,0.97115,0.13365,0.35785,0.66445,0.34985,0.55885,0.10695,0.63185,0.02725,0.49205,0.00295,0.41425,0.49925,-2.3825,0.779875,1.862495,34.0095,1.065205,49.9335,-1.01021,-0.71761,-0.053583,-0.804965,-1.470025,3.9682,2.0118,1.41425,1.49925
92,0.85835,0.77225,0.52575,0.82995,0.10375,0.08945,0.36345,0.22845,0.66345,0.44905,0.84955,0.08285,0.01435,0.63035,0.05785,-1.4833,0.786125,1.283475,54.8985,0.734875,32.6835,-0.99117,-1.18017,-0.020193,-1.006045,-0.565495,2.3314,2.0574,1.63035,1.05785
93,0.88955,0.73495,0.99265,0.14445,0.29225,0.61925,0.57935,0.21305,0.69445,0.58665,0.13335,0.60425,0.03775,0.58985,0.92355,-1.4209,0.767475,1.890445,34.3335,0.979925,48.5775,-0.68891,-1.20173,-0.018333,-0.854685,-1.353315,4.417,2.151,1.58985,1.92355
94,0.86495,0.90395,0.41335,0.11635,0.93715,0.25365,0.80545,0.21725,0.48335,0.27685,0.15275,0.12525,0.31435,0.90855,0.15745,-1.4701,0.851975,1.137355,33.4905,1.818295,37.6095,-0.37237,-1.19585,-0.030999,-1.195465,-1.331975,2.501,3.2574,1.90855,1.15745
95,0.65705,0.60405,0.47895,0.36275,0.82385,0.91145,0.93225,0.32355,0.09815,0.90795,0.28935,0.72705,0.09155,0.70775,0.23105,-1.8859,0.702025,1.222635,40.8825,1.671005,57.3435,-0.19485,-1.04703,-0.054111,-0.501255,-1.181715,4.9082,2.3662,1.70775,1.23105
96,0.26495,0.80305,0.19985,0.29495,0.75125,0.07285,0.72835,0.37155,0.33705,0.64275,0.19855,0.07975,0.29445,0.57915,0.30105,-2.6701,0.801525,0.859805,38.8485,1.576625,32.1855,-0.48031,-0.97983,-0.039777,-0.792975,-1.281595,2.319,3.1778,1.57915,1.30105
97,0.91265,0.12835,0.73695,0.37415,0.20975,0.93925,0.58395,0.21435,0.96355,0.89925,0.06175,0.69075,0.12975,0.32445,0.24925,-1.3747,0.464175,1.558035,41.2245,0.872675,58.1775,-0.68247,-1.19991,-0.002187,-0.510825,-1.432075,4.763,2.519,1.32445,1.24925
98,0.88675,0.80735,0.09235,0.10265,0.38665,0.59035,0.95225,0.61795,0.34595,0.75955,0.05905,0.40895,0.17365,0.86135,0.86425,-1.4265,0.803675,0.720055,33.0795,1.102645,47.7105,-0.16685,-0.63487,-0.039243,-0.664495,-1.435045,3.6358,2.6946,1.86135,1.86425
99,0.94795,0.93095,0.84265,0.17165,0.01945,0.65045,0.92255,0.97285,0.84815,0.40875,0.15155,0.25765,0.69085,0.57435,0.85075,-1.3041,0.865475,1.695445,35.1495,0.625285,49.5135,-0.20843,-0.13801,-0.009111,-1.050375,-1.333295,3.0306,4.7634,1.57435,1.85075
100,0.91455,0.95035,0.69005,0.06355,0.53165,0.27455,0.08225,0.01445,0.18385,0.91045,0.88235,0.15435,0.11255,0.59085,0.74675,-1.3709,0.875175,1.497065,31.9065,1.291145,38.2365,-1.38485,-1.47977,-0.048969,-0.498505,-0.529415,2.6174,2.4502,1.59085,1.74675
101,0.44735,0.62725,0.55615,0.54695,0.27785,0.66025,0.04755,0.49955,0.34985,0.99065,0.26815,0.78775,0.07405,0.49195,0.19415,-2.3053,0.713625,1.322995,46.4085,0.961205,49.8075,-1.43343,-0.80063,-0.039009,-0.410285,-1.205035,5.151,2.2962,1.49195,1.19415
102,0.48655,0.02055,0.68525,0.66735,0.08595,0.69985,0.44645,0.82965,0.19195,0.27605,0.05165,0.08715,0.05905,0.74925,0.70905,-2.2269,0.410275,1.490825,50.0205,0.711735,50.9955,-0.87497,-0.33849,-0.048483,-1.196345,-1.443185,2.3486,2.2362,1.74925,1.70905
103,0.72575,0.12585,0.64445,0.76325,0.51725,0.72025,0.24815,0.53295,0.26125,0.47165,0.04365,0.33565,0.15635,0.51725,0.39145,-1.7485,0.462925,1.437785,52.8975,1.272425,51.6075,-1.15259,-0.75387,-0.044325,-0.981185,-1.451985,3.3426,2.6254,1.51725,1.39145
104,0.22285,0.72655,0.45745,0.86895,0.80265,0.16745,0.33375,0.08115,0.83005,0.34885,0.06915,0.13455,0.26765,0.89695,0.69655,-2.7543,0.763275,1.194685,56.0685,1.643445,35.0235,-1.03275,-1.38639,-0.010197,-1.116265,-1.423935,2.5382,3.0706,1.89695,1.69655
105,0.61875,0.23715,0.70835,0.72925,0.06505,0.69915,0.04885,0.56075,0.99145,0.87385,0.04375,0.93345,0.01535,0.25165,0.05095,-1.9625,0.518575,1.520855,51.8775,0.684565,50.9745,-1.43161,-0.71495,-0.000513,-0.538765,-1.451875,5.7338,2.0614,1.25165,1.05095
106,0.07225,0.24325,0.80085,0.65825,0.17025,0.19485,0.13645,0.32925,0.98095,0.60055,0.00795,0.32495,0.09065,0.98485,0.27705,-3.0555,0.521625,1.641105,49.7475,0.821325,35.8455,-1.30897,-1.03905,-0.001143,-0.839395,-1.491255,3.2998,2.3626,1.98485,1.27705
107,0.38895,0.38335,0.46015,0.35695,0.39425,0.86535,0.96715,0.27895,0.17695,0.62775,0.00565,0.48905,0.03825,0.62375,0.89505,-2.4221,0.591675,1.198195,40.7085,1.112525,55.9605,-0.14599,-1.10947,-0.049383,-0.809475,-1.493785,3.9562,2.153,1.62375,1.89505
108,0.60835,0.66835,0.38995,0.63615,0.44105,0.33175,0.03875,0.08205,0.52555,0.62075,0.13545,0.34795,0.13335,0.33185,0.95705,-1.9833,0.734175,1.106935,49.0845,1.173365,39.9525,-1.44575,-1.38513,-0.028467,-0.817175,-1.351005,3.3918,2.5334,1.33185,1.95705
109,0.93685,0.37795,0.70255,0.12325,0.65775,0.88835,0.84375,0.45245,0.07365,0.63345,0.78455,0.24645,0.00815,0.32175,0.34455,-1.3263,0.588975,1.513315,33.6975,1.455075,56.6505,-0.31875,-0.86657,-0.055581,-0.803205,-0.636995,2.9858,2.0326,1.32175,1.34455
110,0.31345,0.50555,0.68515,0.32775,0.34815,0.14585,0.90955,0.78675,0.75385,0.69595,0.03405,0.23645,0.07625,0.15125,0.97285,-2.5731,0.652775,1.490695,39.8325,1.052595,34.3755,-0.22663,-0.39855,-0.014769,-0.734455,-1.462545,2.9458,2.305,1.15125,1.97285
111,0.83585,0.27385,0.16165,0.96775,0.03135,0.49575,0.36385,0.63815,0.31665,0.82595,0.25085,0.64145,0.23755,0.65525,0.55595,-1.5283,0.536925,0.810145,59.0325,0.640755,44.8725,-0.99061,-0.60659,-0.041001,-0.591455,-1.224065,4.5658,2.9502,1.65525,1.55595
112,0.88715,0.43505,0.99615,0.75365,0.72475,0.25895,0.75405,0.15775,0.21825,0.55035,0.24345,0.53395,0.18115,0.92915,0.08685,-1.4257,0.617525,1.894995,52.6095,1.542175,37.7685,-0.44433,-1.27915,-0.046905,-0.894615,-1.232205,4.1358,2.7246,1.92915,1.08685
113,0.65315,0.81415,0.48585,0.26755,0.37135,0.24265,0.21745,0.07515,0.56865,0.90555,0.59085,0.31585,0.16715,0.35415,0.52735,-1.8937,0.807075,1.231605,38.0265,1.082755,37.2795,-1.19557,-1.39479,-0.025881,-0.503895,-0.850065,3.2634,2.6686,1.35415,1.52735
114,0.30555,0.52575,0.06345,0.58445,0.70485,0.73765,0.84435,0.31175,0.10525,0.24005,0.02595,0.08905,0.18335,0.36125,0.56405,-2.5889,0.662875,0.682485,47.5335,1.516305,52.1295,-0.31791,-1.06355,-0.053685,-1.235945,-1.471455,2.3562,2.7334,1.36125,1.56405
115,0.93285,0.20925,0.63595,0.35115,0.80875,0.96555,0.46465,0.23615,0.43365,0.54335,0.05435,0.32195,0.12015,0.05445,0.36315,-1.3343,0.504625,1.426735,40.5345,1.651375,58.9665,-0.84949,-1.16939,-0.033981,-0.902315,-1.440215,3.2878,2.4806,1.05445,1.36315
116,0.82715,0.61355,0.69635,0.67895,0.54775,0.68635,0.57985,0.56055,0.46215,0.47005,0.08785,0.79085,0.08305,0.26965,0.40835,-1.5457,0.706775,1.505255,50.3685,1.312075,50.5905,-0.68821,-0.71523,-0.032271,-0.982945,-1.403365,5.1634,2.3322,1.26965,1.40835
117,0.78575,0.84605,0.69695,0.53255,0.96235,0.07615,0.11025,0.23365,0.34815,0.66055,0.28755,0.15975,0.44865,0.80965,0.56875,-1.6285,0.823025,1.506035,45.9765,1.851055,32.2845,-1.34565,-1.17289,-0.039111,-0.773395,-1.183695,2.639,3.7946,1.80965,1.56875
118,0.90855,0.49755,0.55075,0.36845,0.29565,0.40955,0.73115,0.33275,0.14015,0.85035,0.78975,0.00815,0.12425,0.06345,0.78755,-1.3829,0.648775,1.315975,41.0535,0.984345,42.2865,-0.47639,-1.03415,-0.051591,-0.564615,-0.631275,2.0326,2.497,1.06345,1.78755
119,0.00485,0.63415,0.48625,0.49595,0.79465,0.51975,0.82415,0.05465,0.07585,0.71415,0.05925,0.42685,0.15315,0.51575,0.15055,-3.1903,0.717075,1.232125,44.8785,1.633045,45.5925,-0.34619,-1.42349,-0.055449,-0.714435,-1.434825,3.7074,2.6126,1.51575,1.15055
120,0.79015,0.07685,0.77845,0.04105,0.07755,0.44415,0.94775,0.70725,0.97605,0.39275,0.11265,0.55105,0.00985,0.69475,0.05075,-1.6197,0.438425,1.611985,31.2315,0.700815,43.3245,-0.17315,-0.50985,-0.001437,-1.067975,-1.376085,4.2042,2.0394,1.69475,1.05075
121,0.49925,0.50915,0.49925,0.93055,0.44575,0.27685,0.70485,0.62075,0.95795,0.68175,0.00265,0.99705,0.07335,0.43255,0.94185,-2.2015,0.654575,1.249025,57.9165,1.179475,38.3055,-0.51321,-0.63095,-0.002523,-0.750075,-1.497085,5.9882,2.2934,1.43255,1.94185
122,0.72355,0.77615,0.66925,0.22295,0.15755,0.03995,0.20415,0.22715,0.87035,0.89895,0.68515,0.19315,0.10925,0.82525,0.73715,-1.7529,0.788075,1.470025,36.6885,0.804815,31.1985,-1.21419,-1.18199,-0.007779,-0.511155,-0.746335,2.7726,2.437,1.82525,1.73715
123,0.17765,0.85305,0.15135,0.35615,0.15715,0.17295,0.50065,0.92495,0.91285,0.60515,0.60315,0.00235,0.03765,0.40035,0.73905,-2.8447,0.826525,0.796755,40.6845,0.804295,35.1885,-0.79909,-0.20507,-0.005229,-0.834335,-0.836535,2.0094,2.1506,1.40035,1.73905
124,0.67175,0.34085,0.54435,0.30745,0.82735,0.65065,0.68965,0.53785,0.22115,0.82375,0.63605,0.58765,0.01085,0.43125,0.06105,-1.8565,0.570425,1.307655,39.2235,1.675555,49.5195,-0.53449,-0.74701,-0.046731,-0.593875,-0.800345,4.3506,2.0434,1.43125,1.06105
125,0.43025,0.95495,0.58875,0.40595,0.46655,0.71565,0.67205,0.44675,0.31435,0.92825,0.83555,0.04505,0.06725,0.26535,0.34955,-2.3395,0.877475,1.365375,42.1785,1.206515,51.4695,-0.55913,-0.87455,-0.041139,-0.478925,-0.580895,2.1802,2.269,1.26535,1.34955
126,0.44005,0.06895,0.48675,0.45215,0.52605,0.09205,0.82445,0.01275,0.92135,0.66615,0.38365,0.22985,0.07645,0.69085,0.85975,-2.3199,0.434475,1.232775,43.5645,1.283865,32.7615,-0.34577,-1.48215,-0.004719,-0.767235,-1.077985,2.9194,2.3058,1.69085,1.85975
127,0.68855,0.70915,0.46555,0.38385,0.60285,0.99905,0.61505,0.34385,0.00505,0.95585,0.14835,0.71295,0.20595,0.62495,0.81955,-1.8229,0.754575,1.205215,41.5155,1.383705,59.9715,-0.63893,-1.01861,-0.059697,-0.448565,-1.336815,4.8518,2.8238,1.62495,1.81955
128,0.78325,0.88575,0.71515,0.24145,0.33045,0.59045,0.00315,0.04845,0.70975,0.70395,0.32415,0.20125,0.16795,0.99665,0.45535,-1.6335,0.842875,1.529695,37.2435,1.029585,47.7135,-1.49559,-1.43217,-0.017415,-0.725655,-1.143435,2.805,2.6718,1.99665,1.45535
129,0.94675,0.50145,0.87935,0.06605,0.41125,0.66075,0.84765,0.86505,0.11935,0.80455,0.31075,0.74155,0.23245,0.11005,0.60265,-1.3065,0.650725,1.743155,31.9815,1.134625,49.8225,-0.31329,-0.28893,-0.052839,-0.614995,-1.158175,4.9662,2.9298,1.11005,1.60265
130,0.96035,0.49155,0.74175,0.87485,0.31685,0.92395,0.06195,0.26915,0.55055,0.63985,0.32395,0.37485,0.17735,0.69845,0.45455,-1.2793,0.645775,1.564275,56.2455,1.011905,57.7185,-1.41327,-1.12319,-0.026967,-0.796165,-1.143655,3.4994,2.7094,1.69845,1.45455
131,0.66255,0.53575,0.36335,0.47745,0.69285,0.79275,0.95445,0.18555,0.27975,0.78865,0.62855,0.03885,0.25035,0.39105,0.63205,-1.8749,0.667875,1.072355,44.3235,1.500705,53.7825,-0.16377,-1.24023,-0.043215,-0.632485,-0.808595,2.1554,3.0014,1.39105,1.63205
132,0.57605,0.52645,0.79355,0.06815,0.22695,0.19205,0.15895,0.05525,0.42235,0.88285,0.15545,0.04485,0.06985,0.10755,0.48475,-2.0479,0.663225,1.631615,32.0445,0.895035,35.7615,-1.27747,-1.42265,-0.034659,-0.528865,-1.329005,2.1794,2.2794,1.10755,1.48475
133,0.92915,0.41455,0.71335,0.56515,0.43495,0.88245,0.71315,0.55125,0.45865,0.39545,0.10595,0.45785,0.17655,0.35955,0.66125,-1.3417,0.607275,1.527355,46.9545,1.165435,56.4735,-0.50159,-0.72825,-0.032481,-1.065005,-1.383455,3.8314,2.7062,1.35955,1.66125
134,0.93625,0.83865,0.21755,0.21605,0.08965,0.08275,0.70175,0.41745,0.67275,0.48045,0.07815,0.14315,0.07295,0.71815,0.07505,-1.3275,0.819325,0.882815,36.4815,0.716545,32.4825,-0.51755,-0.91557,-0.019635,-0.971505,-1.414035,2.5726,2.2918,1.71815,1.07505
135,0.94165,0.72665,0.45565,0.62505,0.68495,0.32905,0.49015,0.50555,0.60185,0.47365,0.22215,0.08795,0.20865,0.67515,0.38145,-1.3167,0.763325,1.192345,48.7515,1.490435,39.8715,-0.81379,-0.79223,-0.023889,-0.978985,-1.255635,2.3518,2.8346,1.67515,1.38145
136,0.97305,0.39715,0.98825,0.72855,0.23285,0.36065,0.57695,0.09755,0.47125,0.57655,0.12185,0.11875,0.41025,0.51255,0.22345,-1.2539,0.598575,1.884725,51.8565,0.902705,40.8195,-0.69227,-1.36343,-0.031725,-0.865795,-1.365965,2.475,3.641,1.51255,1.22345
137,0.89715,0.93515,0.61085,0.96325,0.67655,0.66575,0.16695,0.15265,0.90275,0.80725,0.25435,0.92745,0.18395,0.23805,0.70215,-1.4057,0.867575,1.394105,58.8975,1.479515,49.9725,-1.26627,-1.28629,-0.005835,-0.612025,-1.220215,5.7098,2.7358,1.23805,1.70215
138,0.71275,0.09315,0.72335,0.82325,0.82895,0.47385,0.61635,0.10075,0.08125,0.54685,0.54805,0.01055,0.08435,0.04925,0.87415,-1.7745,0.446575,1.540355,54.6975,1.677635,44.2155,-0.63711,-1.35895,-0.055125,-0.898465,-0.897145,2.0422,2.3374,1.04925,1.87415
139,0.39425,0.55115,0.62725,0.71535,0.93335,0.74935,0.25465,0.00305,0.08585,0.71675,0.09255,0.94865,0.02995,0.95175,0.89895,-2.4115,0.675575,1.415425,51.4605,1.813355,52.4805,-1.14349,-1.49573,-0.054849,-0.711575,-1.398195,5.7946,2.1198,1.95175,1.89895
140,0.35955,0.91245,0.35635,0.47275,0.35925,0.89485,0.47755,0.61065,0.72805,0.68915,0.18055,0.41655,0.03835,0.43335,0.10195,-2.4809,0.856225,1.063255,44.1825,1.067025,56.8455,-0.83143,-0.64509,-0.016317,-0.741935,-1.301395,3.6662,2.1534,1.43335,1.10195
141,0.43795,0.68085,0.33615,0.70615,0.61205,0.62585,0.43125,0.55435,0.44155,0.78065,0.05765,0.74805,0.09255,0.77365,0.46815,-2.3241,0.740425,1.036995,51.1845,1.395665,48.7755,-0.89625,-0.72391,-0.033507,-0.641285,-1.436585,4.9922,2.3702,1.77365,1.46815
142,0.69475,0.34315,0.27155,0.35295,0.64205,0.88485,0.81875,0.21205,0.66145,0.82285,0.13585,0.70565,0.12795,0.30275,0.45655,-1.8105,0.571575,0.953015,40.5885,1.434665,56.5455,-0.35375,-1.20313,-0.020313,-0.594865,-1.350565,4.8226,2.5118,1.30275,1.45655
143,0.69105,0.36885,0.31215,0.01085,0.32015,0.24405,0.93525,0.13585,0.48185,0.62615,0.05545,0.29975,0.01815,0.44335,0.93295,-1.8179,0.584425,1.005795,30.3255,1.016195,37.3215,-0.19065,-1.30981,-0.031089,-0.811235,-1.439005,3.199,2.0726,1.44335,1.93295
144,0.70755,0.38305,0.63715,0.40725,0.35735,0.95795,0.53065,0.18825,0.30785,0.93395,0.40785,0.19715,0.03735,0.30655,0.39035,-1.7849,0.591525,1.428295,42.2175,1.064555,58.7385,-0.75709,-1.23645,-0.041529,-0.472655,-1.051365,2.7886,2.1494,1.30655,1.39035
145,0.83565,0.05595,0.55415,0.78775,0.39295,0.87615,0.63025,0.32585,0.19035,0.87275,0.01575,0.12825,0.52025,0.98075,0.18465,-1.5287,0.427975,1.320395,53.6325,1.110835,56.2845,-0.61765,-1.04381,-0.048579,-0.539975,-1.482675,2.513,4.081,1.98075,1.18465
146,0.82345,0.60135,0.55965,0.39285,0.10765,0.49195,0.33845,0.91035,0.41435,0.83275,0.35125,0.95635,0.01735,0.99365,0.54635,-1.5531,0.700675,1.327545,41.7855,0.739945,44.7585,-1.02617,-0.22551,-0.035139,-0.583975,-1.113625,5.8254,2.0694,1.99365,1.54635
147,0.01035,0.82375,0.17605,0.68775,0.59075,0.75295,0.40355,0.94525,0.02655,0.53205,0.19255,0.20165,0.08475,0.13455,0.28005,-3.1793,0.811875,0.828865,50.6325,1.367975,52.5885,-0.93503,-0.17665,-0.058407,-0.914745,-1.288195,2.8066,2.339,1.13455,1.28005
148,0.08445,0.80605,0.47065,0.79935,0.60055,0.72365,0.65065,0.45125,0.16555,0.54135,0.44265,0.01605,0.05475,0.50895,0.42445,-3.0311,0.803025,1.211845,53.9805,1.380715,51.7095,-0.58909,-0.86825,-0.050067,-0.904515,-1.013085,2.0642,2.219,1.50895,1.42445
149,0.72025,0.12315,0.82135,0.62315,0.15585,0.15605,0.61875,0.15405,0.75275,0.53615,0.01965,0.05235,0.26805,0.36095,0.68115,-1.7595,0.461575,1.667755,48.6945,0.802605,34.6815,-0.63375,-1.28433,-0.014835,-0.910235,-1.478385,2.2094,3.0722,1.36095,1.68115
150,0.45295,0.97745,0.07045,0.56065,0.89915,0.34605,0.39005,0.43405,0.28935,0.90975,0.20165,0.15015,0.32765,0.24515,0.33985,-2.2941,0.888725,0.691585,46.8195,1.768895,40.3815,-0.95393,-0.89233,-0.042639,-0.499275,-1.278185,2.6006,3.3106,1.24515,1.33985
151,0.39045,0.84445,0.54075,0.64805,0.63785,0.61205,0.69395,0.04185,0.55025,0.85585,0.32095,0.38605,0.27615,0.05335,0.81215,-2.4191,0.822225,1.302975,49.4415,1.429205,48.3615,-0.52847,-1.44141,-0.026985,-0.558565,-1.146955,3.5442,3.1046,1.05335,1.81215
152,0.05055,0.82565,0.56425,0.09125,0.35615,0.67315,0.16575,0.07795,0.66675,0.91805,0.70075,0.03245,0.10735,0.45225,0.64405,-3.0989,0.812825,1.333525,32.7375,1.062995,50.1945,-1.26795,-1.39087,-0.019995,-0.490145,-0.729175,2.1298,2.4294,1.45225,1.64405
153,0.82975,0.80215,0.51865,0.37325,0.19325,0.19835,0.89145,0.39725,0.97215,0.89575,0.26525,0.63315,0.06155,0.37575,0.23225,-1.5405,0.801075,1.274245,41.1975,0.851225,35.9505,-0.25197,-0.94385,-0.00167100000000001,-0.514675,-1.208225,4.5326,2.2462,1.37575,1.23225
154,0.33855,0.89035,0.06935,0.55995,0.96205,0.90505,0.77335,0.63335,0.68265,0.57325,0.09345,0.91885,0.06185,0.83225,0.23125,-2.5229,0.845175,0.690155,46.7985,1.850665,57.1515,-0.41731,-0.61331,-0.019041,-0.869425,-1.397205,5.6754,2.2474,1.83225,1.23125
155,0.18405,0.05355,0.02815,0.48015,0.54365,0.83925,0.59015,0.12475,0.98205,0.69315,0.03195,0.03415,0.03855,0.65515,0.97525,-2.8319,0.426775,0.636595,44.4045,1.306745,55.1775,-0.67379,-1.32535,-0.001077,-0.737535,-1.464855,2.1366,2.1542,1.65515,1.97525
156,0.90375,0.48025,0.99155,0.83035,0.37255,0.75865,0.80115,0.68945,0.32675,0.44835,0.20205,0.71455,0.30485,0.59815,0.34845,-1.3925,0.640125,1.889015,54.9105,1.084315,52.7595,-0.37839,-0.53477,-0.040395,-1.006815,-1.277745,4.8582,3.2194,1.59815,1.34845
157,0.90795,0.11125,0.30985,0.80275,0.39255,0.11895,0.10435,0.19725,0.70265,0.85125,0.55215,0.13885,0.25025,0.48155,0.17135,-1.3841,0.455625,1.002805,54.0825,1.110315,33.5685,-1.35391,-1.22385,-0.017841,-0.563625,-0.892635,2.5554,3.001,1.48155,1.17135
158,0.58925,0.68435,0.38825,0.79035,0.20485,0.19955,0.18645,0.68605,0.04865,0.90835,0.35735,0.32575,0.30925,0.28325,0.03155,-2.0215,0.742175,1.104725,53.7105,0.866305,35.9865,-1.23897,-0.53953,-0.057081,-0.500815,-1.106915,3.303,3.237,1.28325,1.03155
159,0.18565,0.81005,0.02415,0.86005,0.71635,0.06095,0.72355,0.70765,0.05425,0.87825,0.02365,0.46095,0.24825,0.95445,0.52505,-2.8287,0.805025,0.631395,55.8015,1.531255,31.8285,-0.48703,-0.50929,-0.056745,-0.533925,-1.473985,3.8438,2.993,1.95445,1.52505
160,0.84415,0.39615,0.58375,0.70565,0.24535,0.72445,0.80205,0.92165,0.88735,0.21115,0.12245,0.95725,0.10375,0.66705,0.91775,-1.5117,0.598075,1.358875,51.1695,0.918955,51.7335,-0.37713,-0.20969,-0.006759,-1.267735,-1.365305,5.829,2.415,1.66705,1.91775
161,0.67385,0.22505,0.31445,0.57755,0.38715,0.20325,0.20985,0.56255,0.62535,0.83825,0.59265,0.04275,0.03365,0.56585,0.07185,-1.8523,0.512525,1.008785,47.3265,1.103295,36.0975,-1.20621,-0.71243,-0.022479,-0.577925,-0.848085,2.171,2.1346,1.56585,1.07185
162,0.61365,0.15785,0.45155,0.99635,0.35915,0.06155,0.28835,0.28935,0.01595,0.71055,0.01285,0.23125,0.40995,0.64995,0.69255,-1.9727,0.478925,1.187015,59.8905,1.066895,31.8465,-1.09631,-1.09491,-0.059043,-0.718395,-1.485865,2.925,3.6398,1.64995,1.69255
163,0.51355,0.07675,0.65255,0.06045,0.74295,0.36375,0.78125,0.54775,0.73405,0.74355,0.34895,0.36425,0.08145,0.90385,0.08935,-2.1729,0.438375,1.448315,31.8135,1.565835,40.9125,-0.40625,-0.73315,-0.015957,-0.682095,-1.116155,3.457,2.3258,1.90385,1.08935
164,0.41165,0.24445,0.44155,0.63015,0.38265,0.35575,0.43395,0.23925,0.59505,0.89675,0.14255,0.85385,0.01445,0.89255,0.74835,-2.3767,0.522225,1.174015,48.9045,1.097445,40.6725,-0.89247,-1.16505,-0.024297,-0.513575,-1.343195,5.4154,2.0578,1.89255,1.74835
165,0.84535,0.91995,0.83975,0.20095,0.03145,0.12295,0.94505,0.95015,0.00415,0.99735,0.54925,0.64385,0.27745,0.87755,0.45185,-1.5093,0.859975,1.691675,36.0285,0.640885,33.6885,-0.17693,-0.16979,-0.059751,-0.402915,-0.895825,4.5754,3.1098,1.87755,1.45185
166,0.37015,0.44245,0.22365,0.52115,0.00425,0.95985,0.63395,0.64065,0.69045,0.82875,0.13285,0.15745,0.02375,0.12795,0.63895,-2.4597,0.621225,0.890745,45.6345,0.605525,58.7955,-0.61247,-0.60309,-0.018573,-0.588375,-1.353865,2.6298,2.095,1.12795,1.63895
167,0.69145,0.55835,0.95565,0.31565,0.20495,0.43085,0.08495,0.29155,0.70355,0.88705,0.09285,0.05655,0.44765,0.22175,0.72555,-1.8171,0.679175,1.842345,39.4695,0.866435,42.9255,-1.38107,-1.09183,-0.017787,-0.524245,-1.397865,2.2262,3.7906,1.22175,1.72555
168,0.85765,0.60095,0.88155,0.18565,0.12855,0.94025,0.62735,0.89645,0.49605,0.60955,0.67305,0.60745,0.38275,0.55105,0.48755,-1.4847,0.700475,1.746015,35.5695,0.767115,58.2075,-0.62171,-0.24497,-0.030237,-0.829495,-0.759645,4.4298,3.531,1.55105,1.48755
169,0.73925,0.83245,0.56345,0.08625,0.72685,0.48905,0.62235,0.21425,0.54455,0.94715,0.58875,0.80115,0.07355,0.54665,0.77205,-1.7215,0.816225,1.332485,32.5875,1.544905,44.6715,-0.62871,-1.20005,-0.027327,-0.458135,-0.852375,5.2046,2.2942,1.54665,1.77205
170,0.11695,0.83095,0.22705,0.24985,0.53895,0.80315,0.05075,0.35385,0.42665,0.89385,0.04475,0.06955,0.31125,0.06925,0.05215,-2.9661,0.815475,0.895165,37.4955,1.300635,54.0945,-1.42895,-1.00461,-0.034401,-0.516765,-1.450775,2.2782,3.245,1.06925,1.05215
171,0.23935,0.50895,0.46525,0.87815,0.14745,0.27835,0.98615,0.54935,0.48155,0.85875,0.08285,0.53705,0.26775,0.68715,0.99045,-2.7213,0.654475,1.204825,56.3445,0.791685,38.3505,-0.11939,-0.73091,-0.031107,-0.555375,-1.408865,4.1482,3.071,1.68715,1.99045
172,0.74205,0.04145,0.98985,0.51025,0.22325,0.12475,0.01305,0.02525,0.03195,0.92935,0.65155,0.13785,0.03965,0.15545,0.46135,-1.7159,0.420725,1.886805,45.3075,0.890225,33.7425,-1.48173,-1.46465,-0.058083,-0.477715,-0.783295,2.5514,2.1586,1.15545,1.46135
173,0.70605,0.85155,0.29995,0.85665,0.46275,0.79505,0.68885,0.41865,0.49345,0.86505,0.40455,0.03325,0.28595,0.54975,0.83845,-1.7879,0.825775,0.989935,55.6995,1.201575,53.8515,-0.53561,-0.91389,-0.030393,-0.548445,-1.054995,2.133,3.1438,1.54975,1.83845
174,0.68555,0.49065,0.86255,0.88305,0.48895,0.30705,0.99245,0.82015,0.11595,0.30225,0.24155,0.58395,0.08575,0.81845,0.42415,-1.8289,0.645325,1.721315,56.4915,1.235635,39.2115,-0.11057,-0.35179,-0.053043,-1.167525,-1.234295,4.3358,2.343,1.81845,1.42415
175,0.57325,0.77295,0.15305,0.53725,0.65165,0.95085,0.98675,0.11655,0.49675,0.86085,0.21565,0.55975,0.04385,0.26035,0.46495,-2.0535,0.786475,0.798965,46.1175,1.447145,58.5255,-0.11855,-1.33683,-0.030195,-0.553065,-1.262785,4.239,2.1754,1.26035,1.46495
176,0.95335,0.05385,0.52525,0.72185,0.41895,0.60795,0.68455,0.04215,0.60645,0.78615,0.09715,0.84455,0.22655,0.24195,0.34855,-1.2933,0.426925,1.282825,51.6555,1.144635,48.2385,-0.54163,-1.44099,-0.023613,-0.635235,-1.393135,5.3782,2.9062,1.24195,1.34855
177,0.30895,0.53265,0.33135,0.01175,0.64465,0.94325,0.84945,0.86905,0.46045,0.94935,0.33145,0.72415,0.04745,0.65195,0.62835,-2.5821,0.666325,1.030755,30.3525,1.438045,58.2975,-0.31077,-0.28333,-0.032373,-0.455715,-1.135405,4.8966,2.1898,1.65195,1.62835
178,0.70425,0.98175,0.40785,0.20015,0.13615,0.53915,0.40575,0.30195,0.39505,0.94445,0.18595,0.44505,0.16875,0.32155,0.21245,-1.7915,0.890875,1.130205,36.0045,0.776995,46.1745,-0.93195,-1.07727,-0.036297,-0.461105,-1.295455,3.7802,2.675,1.32155,1.21245
179,0.35115,0.63655,0.69155,0.07855,0.12165,0.86265,0.85415,0.79995,0.89055,0.82705,0.04425,0.60445,0.07175,0.53105,0.19745,-2.4977,0.718275,1.499015,32.3565,0.758145,55.8795,-0.30419,-0.38007,-0.006567,-0.590245,-1.451325,4.4178,2.287,1.53105,1.19745
180,0.53075,0.62765,0.63065,0.99185,0.30375,0.47805,0.70245,0.36855,0.20565,0.58725,0.36055,0.17145,0.20445,0.11805,0.59025,-2.1385,0.713825,1.419845,59.7555,0.994875,44.3415,-0.51657,-0.98403,-0.047661,-0.854025,-1.103395,2.6858,2.8178,1.11805,1.59025
181,0.96985,0.76075,0.81975,0.84095,0.00745,0.46945,0.96015,0.63705,0.46625,0.80995,0.81275,0.62935,0.06105,0.04865,0.91295,-1.2603,0.780375,1.665675,55.2285,0.609685,44.0835,-0.15579,-0.60813,-0.032025,-0.609055,-0.605975,4.5174,2.2442,1.04865,1.91295
182,0.05585,0.93385,0.38665,0.64725,0.98785,0.58325,0.33245,0.10105,0.53425,0.49185,0.25515,0.15565,0.20255,0.57255,0.69365,-3.0883,0.866925,1.102645,49.4175,1.884205,47.4975,-1.03457,-1.35853,-0.027945,-0.958965,-1.219335,2.6226,2.8102,1.57255,1.69365
183,0.14165,0.19785,0.05065,0.13715,0.72115,0.30975,0.42715,0.72835,0.03885,0.93585,0.19945,0.15635,0.14815,0.60175,0.61545,-2.9167,0.498925,0.665845,34.1145,1.537495,39.2925,-0.90199,-0.48031,-0.057669,-0.470565,-1.280605,2.6254,2.5926,1.60175,1.61545
184,0.34145,0.52505,0.13435,0.12705,0.70595,0.33035,0.35135,0.20435,0.56255,0.67775,0.34615,0.23845,0.06775,0.66565,0.53745,-2.5171,0.662525,0.774655,33.8115,1.517735,39.9105,-1.00811,-1.21391,-0.026247,-0.754475,-1.119235,2.9538,2.271,1.66565,1.53745
185,0.52735,0.90805,0.17365,0.90975,0.72195,0.52535,0.18265,0.55625,0.11465,0.77305,0.27755,0.45405,0.27695,0.80755,0.56155,-2.1453,0.854025,0.825745,57.2925,1.538535,45.7605,-1.24429,-0.72125,-0.053121,-0.649645,-1.194695,3.8162,3.1078,1.80755,1.56155
186,0.79905,0.66625,0.89145,0.66745,0.06575,0.45535,0.93265,0.74495,0.05445,0.88185,0.11655,0.22115,0.46245,0.66095,0.96305,-1.6019,0.733125,1.758885,50.0235,0.685475,43.6605,-0.19429,-0.45707,-0.056733,-0.529965,-1.371795,2.8846,3.8498,1.66095,1.96305
187,0.85125,0.89525,0.43195,0.88715,0.68745,0.38525,0.42725,0.66985,0.15445,0.88675,0.40945,0.70665,0.14255,0.11095,0.83935,-1.4975,0.847625,1.161535,56.6145,1.493685,41.5575,-0.90185,-0.56221,-0.050733,-0.524575,-1.049605,4.8266,2.5702,1.11095,1.83935
188,0.94275,0.65135,0.15575,0.90955,0.55675,0.42195,0.57635,0.76005,0.20295,0.75795,0.42525,0.40965,0.31925,0.71215,0.77355,-1.3145,0.725675,0.802475,57.2865,1.323775,42.6585,-0.69311,-0.43593,-0.047823,-0.666255,-1.032225,3.6386,3.277,1.71215,1.77355
189,0.60905,0.77495,0.65515,0.20275,0.31145,0.09965,0.34155,0.63475,0.20935,0.90945,0.80885,0.07895,0.00745,0.54635,0.83555,-1.9819,0.787475,1.451695,36.0825,1.004885,32.9895,-1.02183,-0.61135,-0.047439,-0.499605,-0.610265,2.3158,2.0298,1.54635,1.83555
190,0.94935,0.62805,0.61245,0.14915,0.77935,0.81065,0.57215,0.39635,0.25455,0.87815,0.33405,0.48135,0.20695,0.87735,0.94735,-1.3013,0.714025,1.396185,34.4745,1.613155,54.3195,-0.69899,-0.94511,-0.044727,-0.534035,-1.132545,3.9254,2.8278,1.87735,1.94735
191,0.42375,0.41785,0.26765,0.80975,0.27375,0.96775,0.21825,0.90035,0.44275,0.57845,0.07395,0.78275,0.04835,0.11995,0.79405,-2.3525,0.608925,0.947945,54.2925,0.955875,59.0325,-1.19445,-0.23951,-0.033435,-0.863705,-1.418655,5.131,2.1934,1.11995,1.79405
192,0.58525,0.99145,0.68875,0.50155,0.46115,0.64635,0.22405,0.61605,0.98695,0.80955,0.00585,0.96575,0.01305,0.49715,0.60325,-2.0295,0.895725,1.495375,45.0465,1.199495,49.3905,-1.18633,-0.63753,-0.000782999999999999,-0.609495,-1.493565,5.863,2.0522,1.49715,1.60325
193,0.01065,0.23205,0.80615,0.78055,0.32955,0.68145,0.13005,0.25355,0.05585,0.98245,0.03535,0.12835,0.26795,0.81145,0.38215,-3.1787,0.516025,1.647995,53.4165,1.028415,50.4435,-1.31793,-1.14503,-0.056649,-0.419305,-1.461115,2.5134,3.0718,1.81145,1.38215
194,0.69995,0.72495,0.60185,0.80125,0.96215,0.19655,0.08115,0.07585,0.79065,0.09585,0.58665,0.02465,0.07005,0.54945,0.63495,-1.8001,0.762475,1.382405,54.0375,1.850795,35.8965,-1.38639,-1.39381,-0.012561,-1.394565,-0.854685,2.0986,2.2802,1.54945,1.63495
195,0.29365,0.29465,0.62425,0.50935,0.02985,0.15935,0.72935,0.19605,0.68405,0.80775,0.27815,0.02915,0.32785,0.58525,0.00245,-2.6127,0.547325,1.411525,45.2805,0.638805,34.7805,-0.47891,-1.22553,-0.018957,-0.611475,-1.194035,2.1166,3.3114,1.58525,1.00245
196,0.97975,0.54495,0.32855,0.54865,0.76865,0.25165,0.91735,0.71675,0.50345,0.84105,0.42165,0.57435,0.07315,0.85115,0.61935,-1.2405,0.672475,1.027115,46.4595,1.599245,37.5495,-0.21571,-0.49655,-0.029793,-0.574845,-1.036185,4.2974,2.2926,1.85115,1.61935
197,0.42465,0.94255,0.31955,0.91305,0.58315,0.02645,0.36205,0.86445,0.60005,0.96525,0.21005,0.77845,0.25055,0.10985,0.49155,-2.3507,0.871275,1.015415,57.3915,1.358095,30.7935,-0.99313,-0.28977,-0.023997,-0.438225,-1.268945,5.1138,3.0022,1.10985,1.49155
198,0.58065,0.66425,0.48765,0.80135,0.21565,0.60145,0.81415,0.99885,0.97825,0.19835,0.22865,0.56805,0.03575,0.52725,0.95965,-2.0387,0.732125,1.233945,54.0405,0.880345,48.0435,-0.36019,-0.10161,-0.001305,-1.281815,-1.248485,4.2722,2.143,1.52725,1.95965
199,0.25105,0.37445,0.13935,0.86125,0.21665,0.52995,0.58855,0.26405,0.14305,0.98475,0.07405,0.03475,0.59045,0.69585,0.28995,-2.6979,0.587225,0.781155,55.8375,0.881645,45.8985,-0.67603,-1.13033,-0.051417,-0.416775,-1.418545,2.139,4.3618,1.69585,1.28995
200,0.13815,0.82595,0.17245,0.77105,0.27065,0.61765,0.33955,0.38045,0.11825,0.90085,0.61795,0.41885,0.01795,0.97715,0.92665,-2.9237,0.812975,0.824185,53.1315,0.951845,48.5295,-1.02463,-0.96737,-0.052905,-0.509065,-0.820255,3.6754,2.0718,1.97715,1.92665
201,0.45495,0.50065,0.77105,0.71565,0.71115,0.21415,0.27415,0.57225,0.71075,0.89785,0.28025,0.74645,0.20055,0.28805,0.59715,-2.2901,0.650325,1.602365,51.4695,1.524495,36.4245,-1.11619,-0.69885,-0.017355,-0.512365,-1.191725,4.9858,2.8022,1.28805,1.59715
202,0.66665,0.64375,0.97965,0.63275,0.56455,0.53725,0.76855,0.06505,0.54205,0.84995,0.17715,0.93555,0.23545,0.48575,0.39135,-1.8667,0.721875,1.873545,48.9825,1.333915,46.1175,-0.42403,-1.40893,-0.027477,-0.565055,-1.305135,5.7422,2.9418,1.48575,1.39135
203,0.81655,0.06585,0.49415,0.72115,0.70195,0.36365,0.93235,0.74675,0.33225,0.80685,0.24485,0.59295,0.14755,0.85885,0.48895,-1.5669,0.432925,1.242395,51.6345,1.512535,40.9095,-0.19471,-0.45455,-0.040065,-0.612465,-1.230665,4.3718,2.5902,1.85885,1.48895
204,0.75715,0.01265,0.40515,0.15825,0.81105,0.01615,0.32745,0.11335,0.66085,0.84185,0.00665,0.44985,0.28695,0.77675,0.22235,-1.6857,0.406325,1.126695,34.7475,1.654365,30.4845,-1.04157,-1.34131,-0.020349,-0.573965,-1.492685,3.7994,3.1478,1.77675,1.22235
205,0.63565,0.63035,0.80245,0.62525,0.83525,0.86485,0.30905,0.09505,0.24785,0.79375,0.02785,0.31225,0.41745,0.39465,0.20415,-1.9287,0.715175,1.643185,48.7575,1.685825,55.9455,-1.06733,-1.36693,-0.045129,-0.626875,-1.469365,3.249,3.6698,1.39465,1.20415
206,0.88815,0.81495,0.35105,0.09205,0.33865,0.55935,0.73515,0.08225,0.45225,0.65045,0.78485,0.19045,0.17955,0.96515,0.77225,-1.4237,0.807475,1.056365,32.7615,1.040245,46.7805,-0.47079,-1.38485,-0.032865,-0.784505,-0.636665,2.7618,2.7182,1.96515,1.77225
207,0.82105,0.51135,0.12285,0.49045,0.51675,0.52085,0.98285,0.11065,0.50555,0.64535,0.44545,0.15305,0.28865,0.40065,0.39895,-1.5579,0.655675,0.759705,44.7135,1.271775,45.6255,-0.12401,-1.34509,-0.029667,-0.790115,-1.010005,2.6122,3.1546,1.40065,1.39895
208,0.80605,0.45135,0.85395,0.23955,0.80575,0.03905,0.90305,0.65795,0.53045,0.46255,0.16175,0.20465,0.14835,0.35805,0.56365,-1.5879,0.625675,1.710135,37.1865,1.647475,31.1715,-0.23573,-0.57887,-0.028173,-0.991195,-1.322075,2.8186,2.5934,1.35805,1.56365
209,0.37725,0.27805,0.04255,0.32885,0.67445,0.48855,0.86865,0.85135,0.26515,0.94635,0.02635,0.60075,0.07275,0.86365,0.38755,-2.4455,0.539025,0.655315,39.8655,1.476785,44.6565,-0.28389,-0.30811,-0.044091,-0.459015,-1.471015,4.403,2.291,1.86365,1.38755
210,0.48845,0.17765,0.98025,0.45155,0.33685,0.83185,0.56755,0.77055,0.17375,0.26815,0.10255,0.35745,0.15035,0.99535,0.70735,-2.2231,0.488825,1.874325,43.5465,1.037905,54.9555,-0.70543,-0.42123,-0.049575,-1.205035,-1.387195,3.4298,2.6014,1.99535,1.70735
211,0.36115,0.33485,0.68335,0.17245,0.22715,0.17725,0.90165,0.49355,0.80025,0.98075,0.69365,0.17415,0.22905,0.98405,0.80615,-2.4777,0.567425,1.488355,35.1735,0.895295,35.3175,-0.23769,-0.80903,-0.011985,-0.421175,-0.736985,2.6966,2.9162,1.98405,1.80615
212,0.26425,0.02915,0.56055,0.61355,0.51585,0.92515,0.86365,0.30105,0.71885,0.48485,0.00015,0.34775,0.03975,0.33525,0.82065,-2.6715,0.414575,1.328715,48.4065,1.270605,57.7545,-0.29089,-1.07853,-0.016869,-0.966665,-1.499835,3.391,2.159,1.33525,1.82065
213,0.81575,0.27765,0.20335,0.22925,0.54405,0.84845,0.87375,0.50985,0.66265,0.80805,0.15905,0.41035,0.22275,0.29065,0.45835,-1.5685,0.538825,0.864355,36.8775,1.307265,55.4535,-0.27675,-0.78621,-0.020241,-0.611145,-1.325045,3.6414,2.891,1.29065,1.45835
214,0.69025,0.60025,0.57855,0.90115,0.85785,0.33865,0.73995,0.79225,0.03365,0.69365,0.17085,0.79075,0.15105,0.21785,0.74015,-1.8195,0.700125,1.352115,57.0345,1.715205,40.1595,-0.46407,-0.39085,-0.057981,-0.736985,-1.312065,5.163,2.6042,1.21785,1.74015
215,0.78875,0.09395,0.74905,0.15325,0.38015,0.12315,0.06515,0.65645,0.68775,0.81685,0.11885,0.25635,0.15695,0.30285,0.96245,-1.6225,0.446975,1.573765,34.5975,1.094195,33.6945,-1.40879,-0.58097,-0.018735,-0.601465,-1.369265,3.0254,2.6278,1.30285,1.96245
216,0.70005,0.72295,0.50265,0.06665,0.21345,0.83935,0.40385,0.05245,0.57445,0.64385,0.51165,0.31075,0.02285,0.94315,0.37465,-1.7999,0.761475,1.253445,31.9995,0.877485,55.1805,-0.93461,-1.42657,-0.025533,-0.791765,-0.937185,3.243,2.0914,1.94315,1.37465
217,0.05105,0.98805,0.50665,0.02165,0.07155,0.60085,0.51905,0.99075,0.04035,0.99985,0.03525,0.43395,0.05365,0.00385,0.89195,-3.0979,0.894025,1.258645,30.6495,0.693015,48.0255,-0.77333,-0.11295,-0.057579,-0.400165,-1.461225,3.7358,2.2146,1.00385,1.89195
218,0.99055,0.13255,0.06865,0.57005,0.15995,0.41225,0.37345,0.02065,0.12175,0.94585,0.36265,0.13275,0.19955,0.71975,0.90675,-1.2189,0.466275,0.689245,47.1015,0.807935,42.3675,-0.97717,-1.47109,-0.052695,-0.459565,-1.101085,2.531,2.7982,1.71975,1.90675
219,0.75915,0.75625,0.69435,0.35575,0.46505,0.62975,0.85335,0.03725,0.32465,0.71595,0.19385,0.40135,0.09985,0.93385,0.72045,-1.6817,0.778125,1.502655,40.6725,1.204565,48.8925,-0.30531,-1.44785,-0.040521,-0.712455,-1.286765,3.6054,2.3994,1.93385,1.72045
220,0.92445,0.84075,0.13675,0.54635,0.98145,0.55125,0.85155,0.26125,0.42895,0.68585,0.07545,0.63345,0.19275,0.93405,0.03475,-1.3511,0.820375,0.777775,46.3905,1.875885,46.5375,-0.30783,-1.13425,-0.034263,-0.745565,-1.417005,4.5338,2.771,1.93405,1.03475
221,0.92455,0.09715,0.64095,0.54355,0.47625,0.18015,0.65815,0.28845,0.94285,0.98465,0.57415,0.81135,0.01345,0.91255,0.47555,-1.3509,0.448575,1.433235,46.3065,1.219125,35.4045,-0.57859,-1.09617,-0.003429,-0.416885,-0.868435,5.2454,2.0538,1.91255,1.47555
222,0.33925,0.59535,0.22455,0.31955,0.72915,0.60335,0.93935,0.92155,0.37215,0.59085,0.07475,0.45795,0.19255,0.87265,0.45725,-2.5215,0.697675,0.891915,39.5865,1.547895,48.1005,-0.18491,-0.20983,-0.037671,-0.850065,-1.417775,3.8318,2.7702,1.87265,1.45725
223,0.82665,0.73995,0.86655,0.22435,0.18265,0.07455,0.22135,0.70515,0.60395,0.58915,0.06355,0.16645,0.09685,0.01595,0.68825,-1.5467,0.769975,1.726515,36.7305,0.837445,32.2365,-1.19011,-0.51279,-0.023763,-0.851935,-1.430095,2.6658,2.3874,1.01595,1.68825
224,0.58575,0.00565,0.64575,0.15805,0.80165,0.83985,0.69065,0.70205,0.75565,0.76155,0.21275,0.89875,0.04145,0.83145,0.24385,-2.0285,0.402825,1.439475,34.7415,1.642145,55.1955,-0.53309,-0.51713,-0.014661,-0.662295,-1.265975,5.595,2.1658,1.83145,1.24385
225,0.84115,0.88265,0.98155,0.02435,0.13405,0.86455,0.35275,0.66365,0.61545,0.49215,0.23415,0.20705,0.62045,0.91335,0.87065,-1.5177,0.841325,1.876015,30.7305,0.774265,55.9365,-1.00615,-0.57089,-0.023073,-0.958635,-1.242435,2.8282,4.4818,1.91335,1.87065
226,0.61215,0.50335,0.68765,0.26885,0.51325,0.58215,0.81945,0.83965,0.11135,0.55475,0.12215,0.12665,0.18325,0.36135,0.90295,-1.9757,0.651675,1.493945,38.0655,1.267225,47.4645,-0.35277,-0.32449,-0.053319,-0.889775,-1.365635,2.5066,2.733,1.36135,1.90295
227,0.48315,0.03695,0.67525,0.40625,0.69445,0.41965,0.73675,0.11645,0.44995,0.75235,0.28995,0.57105,0.19305,0.04015,0.26845,-2.2337,0.418475,1.477825,42.1875,1.502785,42.5895,-0.46855,-1.33697,-0.033003,-0.672415,-1.181055,4.2842,2.7722,1.04015,1.26845
228,0.67125,0.45785,0.52145,0.73535,0.02965,0.35635,0.47495,0.12965,0.96195,0.91365,0.36325,0.54915,0.16495,0.54775,0.78565,-1.8575,0.628925,1.277885,52.0605,0.638545,40.6905,-0.83507,-1.31849,-0.002283,-0.494985,-1.100425,4.1966,2.6598,1.54775,1.78565
229,0.49815,0.94565,0.30425,0.64425,0.51865,0.36075,0.95115,0.27905,0.86775,0.61655,0.22565,0.42775,0.22995,0.94905,0.10275,-2.2037,0.872825,0.995525,49.3275,1.274245,40.8225,-0.16839,-1.10933,-0.007935,-0.821795,-1.251785,3.711,2.9198,1.94905,1.10275
230,0.81515,0.47365,0.06415,0.35665,0.74135,0.74655,0.75135,0.61485,0.52165,0.83395,0.42925,0.50495,0.01715,0.98555,0.90895,-1.5697,0.636825,0.683395,40.6995,1.563755,52.3965,-0.44811,-0.63921,-0.028701,-0.582655,-1.027825,4.0198,2.0686,1.98555,1.90895
231,0.03105,0.90315,0.56245,0.85235,0.00065,0.67165,0.54295,0.40985,0.86865,0.96375,0.31275,0.64645,0.02155,0.14025,0.01315,-3.1379,0.851575,1.331185,55.5705,0.600845,50.1495,-0.73987,-0.92621,-0.007881,-0.439875,-1.155975,4.5858,2.0862,1.14025,1.01315
232,0.70845,0.46275,0.96275,0.63905,0.76205,0.11485,0.80635,0.52705,0.31945,0.70075,0.19525,0.88905,0.08185,0.34045,0.96745,-1.7831,0.631375,1.851575,49.1715,1.590665,33.4455,-0.37111,-0.76213,-0.040833,-0.729175,-1.285225,5.5562,2.3274,1.34045,1.96745
233,0.05025,0.97475,0.02325,0.32815,0.80565,0.59725,0.04385,0.08125,0.69765,0.91985,0.10035,0.60685,0.01865,0.46095,0.39645,-3.0995,0.887375,0.630225,39.8445,1.647345,47.9175,-1.43861,-1.38625,-0.018141,-0.488165,-1.389615,4.4274,2.0746,1.46095,1.39645
234,0.50485,0.00615,0.64395,0.76105,0.65685,0.99115,0.88595,0.72705,0.16885,0.32115,0.14625,0.34225,0.05585,0.35685,0.37655,-2.1903,0.403075,1.437135,52.8315,1.453905,59.7345,-0.25967,-0.48213,-0.049869,-1.146735,-1.339125,3.369,2.2234,1.35685,1.37655
235,0.42445,0.45555,0.29895,0.04555,0.53475,0.33475,0.41675,0.21865,0.81345,0.85845,0.03435,0.03525,0.13765,0.48645,0.95985,-2.3511,0.627775,0.988635,31.3665,1.295175,40.0425,-0.91655,-1.19389,-0.011193,-0.555705,-1.462215,2.141,2.5506,1.48645,1.95985
236,0.19475,0.48895,0.12455,0.78085,0.73235,0.55775,0.55775,0.20735,0.50145,0.96825,0.29395,0.35655,0.37775,0.82075,0.64205,-2.8105,0.644475,0.761915,53.4255,1.552055,46.7325,-0.71915,-1.20971,-0.029913,-0.434925,-1.176655,3.4262,3.511,1.82075,1.64205
237,0.66915,0.82165,0.01645,0.61335,0.80075,0.39875,0.07315,0.73215,0.62895,0.92715,0.33895,0.95235,0.02305,0.70095,0.60875,-1.8617,0.810825,0.621385,48.4005,1.640975,41.9625,-1.39759,-0.47499,-0.022263,-0.480135,-1.127155,5.8094,2.0922,1.70095,1.60875
238,0.96315,0.06445,0.83315,0.54205,0.62725,0.68065,0.78735,0.58305,0.44645,0.26205,0.01845,0.38355,0.28755,0.68205,0.50955,-1.2737,0.432225,1.683095,46.2615,1.415425,50.4195,-0.39771,-0.68373,-0.033213,-1.211745,-1.479705,3.5342,3.1502,1.68205,1.50955
239,0.10245,0.23795,0.51585,0.79465,0.06165,0.88865,0.62515,0.47035,0.73515,0.75085,0.28175,0.13525,0.07485,0.28015,0.30965,-2.9951,0.518975,1.270605,53.8395,0.680145,56.6595,-0.62479,-0.84151,-0.015891,-0.674065,-1.190075,2.541,2.2994,1.28015,1.30965
240,0.56095,0.13575,0.03615,0.35185,0.88645,0.78145,0.39915,0.19145,0.28275,0.88095,0.58425,0.09945,0.05065,0.23085,0.77605,-2.0781,0.467875,0.646995,40.5555,1.752385,53.4435,-0.94119,-1.23197,-0.043035,-0.530955,-0.857325,2.3978,2.2026,1.23085,1.77605
241,0.63285,0.64055,0.31375,0.98725,0.55435,0.87935,0.02195,0.22205,0.03005,0.05985,0.10845,0.10165,0.14245,0.69035,0.54865,-1.9343,0.720275,1.007875,59.6175,1.320655,56.3805,-1.46927,-1.18913,-0.058197,-1.434165,-1.380705,2.4066,2.5698,1.69035,1.54865
242,0.96495,0.26565,0.09115,0.56845,0.54505,0.45005,0.40085,0.43745,0.33205,0.74115,0.27025,0.35965,0.24745,0.56265,0.71775,-1.2701,0.532825,0.718495,47.0535,1.308565,43.5015,-0.93881,-0.88757,-0.040077,-0.684735,-1.202725,3.4386,2.9898,1.56265,1.71775
243,0.52195,0.92845,0.21095,0.20865,0.95245,0.27435,0.93445,0.58055,0.47495,0.91775,0.61115,0.27895,0.09645,0.50745,0.63585,-2.1561,0.864225,0.874235,36.2595,1.838185,38.2305,-0.19177,-0.68723,-0.031503,-0.490475,-0.827735,3.1158,2.3858,1.50745,1.63585
244,0.74545,0.38575,0.35735,0.81765,0.66855,0.13145,0.09155,0.97865,0.10325,0.94285,0.09065,0.90835,0.35965,0.91445,0.44755,-1.7091,0.592875,1.064555,54.5295,1.469115,33.9435,-1.37183,-0.12989,-0.053805,-0.462865,-1.400285,5.6334,3.4386,1.91445,1.44755
245,0.10085,0.64335,0.13015,0.22155,0.23995,0.77455,0.18295,0.24585,0.94455,0.65815,0.22885,0.05495,0.12845,0.91715,0.08475,-2.9983,0.721675,0.769195,36.6465,0.911935,53.2365,-1.24387,-1.15581,-0.003327,-0.776035,-1.248265,2.2198,2.5138,1.91715,1.08475
246,0.65135,0.10095,0.23765,0.07875,0.36985,0.47495,0.94265,0.29925,0.58275,0.92075,0.78955,0.03995,0.27045,0.58875,0.19735,-1.8973,0.450475,0.908945,32.3625,1.080805,44.2485,-0.18029,-1.08105,-0.025035,-0.487175,-0.631495,2.1598,3.0818,1.58875,1.19735
247,0.58595,0.36045,0.66715,0.21875,0.41365,0.20075,0.09955,0.24815,0.24245,0.77705,0.23675,0.15205,0.16025,0.27265,0.82985,-2.0281,0.580225,1.467295,36.5625,1.137745,36.0225,-1.36063,-1.15259,-0.045453,-0.645245,-1.239575,2.6082,2.641,1.27265,1.82985
248,0.13485,0.95655,0.10185,0.19155,0.81905,0.69545,0.20445,0.51005,0.54395,0.96105,0.14065,0.39945,0.19485,0.93165,0.60605,-2.9303,0.878275,0.732405,35.7465,1.664765,50.8635,-1.21377,-0.78593,-0.027363,-0.442845,-1.345285,3.5978,2.7794,1.93165,1.60605
249,0.86075,0.74445,0.89165,0.71195,0.06265,0.25625,0.10015,0.94085,0.45295,0.33895,0.25335,0.73925,0.04375,0.21125,0.94725,-1.4785,0.772225,1.759145,51.3585,0.681445,37.6875,-1.35979,-0.18281,-0.032823,-1.127155,-1.221315,4.957,2.175,1.21125,1.94725
250,0.93355,0.46085,0.18885,0.66835,0.56935,0.04255,0.34045,0.88635,0.95695,0.38705,0.56675,0.40675,0.01335,0.79165,0.84555,-1.3329,0.630425,0.845505,50.0505,1.340155,31.2765,-1.02337,-0.25911,-0.002583,-1.074245,-0.876575,3.627,2.0534,1.79165,1.84555
251,0.84235,0.86035,0.27275,0.94865,0.89475,0.72925,0.01795,0.16955,0.12885,0.40425,0.97265,0.12395,0.02005,0.01075,0.69665,-1.5153,0.830175,0.954575,58.4595,1.763175,51.8775,-1.47487,-1.26263,-0.052269,-1.055325,-0.430085,2.4958,2.0802,1.01075,1.69665
252,0.83685,0.88585,0.01045,0.72035,0.13335,0.61695,0.02895,0.43225,0.94675,0.99505,0.08015,0.56145,0.25795,0.51785,0.90965,-1.5263,0.842925,0.613585,51.6105,0.773355,48.5085,-1.45947,-0.89485,-0.003195,-0.405445,-1.411835,4.2458,3.0318,1.51785,1.90965
253,0.20725,0.03985,0.85445,0.36685,0.53255,0.16495,0.54895,0.83955,0.70465,0.74525,0.06465,0.50415,0.15615,0.44935,0.66545,-2.7855,0.419925,1.710785,41.0055,1.292315,34.9485,-0.73147,-0.32463,-0.017721,-0.680225,-1.428885,4.0166,2.6246,1.44935,1.66545
254,0.46885,0.35625,0.28685,0.52895,0.61345,0.96645,0.74635,0.06145,0.17445,0.83675,0.08795,0.79295,0.00735,0.13175,0.64215,-2.2623,0.578125,0.972905,45.8685,1.397485,58.9935,-0.45511,-1.41397,-0.049533,-0.579575,-1.403255,5.1718,2.0294,1.13175,1.64215
255,0.39545,0.32975,0.05725,0.83585,0.64705,0.44255,0.79645,0.19865,0.81445,0.82415,0.65385,0.19015,0.06505,0.49885,0.79265,-2.4091,0.564875,0.674425,55.0755,1.441165,43.2765,-0.38497,-1.22189,-0.011133,-0.593435,-0.780765,2.7606,2.2602,1.49885,1.79265
256,0.72005,0.00775,0.34885,0.41045,0.82885,0.64225,0.91425,0.83325,0.48445,0.52145,0.42835,0.43575,0.01245,0.05935,0.62055,-1.7599,0.403875,1.053505,42.3135,1.677505,49.2675,-0.22005,-0.33345,-0.030933,-0.926405,-1.028815,3.743,2.0498,1.05935,1.62055
257,0.57495,0.41275,0.25225,0.43975,0.63085,0.96165,0.66665,0.15035,0.39175,0.75365,0.00035,0.21285,0.50255,0.78245,0.00105,-2.0501,0.606375,0.927925,43.1925,1.420105,58.8495,-0.56669,-1.28951,-0.036495,-0.670985,-1.499615,2.8514,4.0102,1.78245,1.00105
258,0.15345,0.93315,0.70285,0.32575,0.45735,0.40485,0.85175,0.22175,0.54535,0.91735,0.06185,0.16805,0.41455,0.69675,0.25765,-2.8931,0.866575,1.513705,39.7725,1.194555,42.1455,-0.30755,-1.18955,-0.027279,-0.490915,-1.431965,2.6722,3.6582,1.69675,1.25765
259,0.32685,0.85055,0.19905,0.27825,0.52835,0.10295,0.66645,0.50395,0.19115,0.59705,0.07855,0.01275,0.38945,0.66365,0.48935,-2.5463,0.825275,0.858765,38.3475,1.286855,33.0885,-0.56697,-0.79447,-0.048531,-0.843245,-1.413595,2.051,3.5578,1.66365,1.48935
260,0.92575,0.03055,0.91185,0.69675,0.54035,0.63495,0.15835,0.24385,0.42985,0.75905,0.23745,0.61075,0.25385,0.96015,0.38875,-1.3485,0.415275,1.785405,50.9025,1.302455,49.0485,-1.27831,-1.15861,-0.034209,-0.665045,-1.238805,4.443,3.0154,1.96015,1.38875
261,0.41085,0.54985,0.01515,0.42375,0.43185,0.90935,0.82265,0.99745,0.21215,0.74215,0.18605,0.32595,0.14665,0.50475,0.47165,-2.3783,0.674925,0.619695,42.7125,1.161405,57.2805,-0.34829,-0.10357,-0.047271,-0.683635,-1.295345,3.3038,2.5866,1.50475,1.47165
262,0.94725,0.84345,0.75655,0.94925,0.51305,0.35195,0.45105,0.32695,0.69855,0.55555,0.27295,0.46015,0.33395,0.01985,0.01905,-1.3055,0.821725,1.583515,58.4775,1.266965,40.5585,-0.86853,-1.04227,-0.018087,-0.888895,-1.199755,3.8406,3.3358,1.01985,1.01905
263,0.26215,0.79515,0.30085,0.99435,0.19435,0.54585,0.69785,0.89855,0.86115,0.05155,0.02285,0.09535,0.08365,0.16255,0.89625,-2.6757,0.797575,0.991105,59.8305,0.852655,46.3755,-0.52301,-0.24203,-0.008331,-1.443295,-1.474865,2.3814,2.3346,1.16255,1.89625
264,0.22355,0.81095,0.35665,0.14285,0.82025,0.55045,0.10955,0.20865,0.40755,0.97755,0.82705,0.14345,0.12385,0.98605,0.75265,-2.7529,0.805475,1.063645,34.2855,1.666325,46.5135,-1.34663,-1.20789,-0.035547,-0.424695,-0.590245,2.5738,2.4954,1.98605,1.75265
265,0.89355,0.70405,0.01995,0.25805,0.74585,0.01295,0.02305,0.75355,0.12055,0.45125,0.41045,0.00415,0.25845,0.95385,0.29985,-1.4129,0.752025,0.625935,37.7415,1.569605,30.3885,-1.46773,-0.44503,-0.052767,-1.003625,-1.048505,2.0166,3.0338,1.95385,1.29985
266,0.09115,0.86775,0.64435,0.98825,0.69755,0.63995,0.79795,0.10025,0.56755,0.27355,0.01515,0.62265,0.02185,0.36275,0.86685,-3.0177,0.833875,1.437655,59.6475,1.506815,49.1985,-0.38287,-1.35965,-0.025947,-1.199095,-1.483335,4.4906,2.0874,1.36275,1.86685
267,0.40625,0.88915,0.34135,0.64015,0.12225,0.82245,0.88575,0.83355,0.49455,0.68195,0.73785,0.10275,0.06005,0.23225,0.33445,-2.3875,0.844575,1.043755,49.2045,0.758925,54.6735,-0.25995,-0.33303,-0.030327,-0.749855,-0.688365,2.411,2.2402,1.23225,1.33445
268,0.74185,0.41755,0.90365,0.60405,0.75965,0.52715,0.69625,0.26415,0.27625,0.55935,0.54825,0.26195,0.17405,0.96165,0.55505,-1.7163,0.608775,1.774745,48.1215,1.587545,45.8145,-0.52525,-1.13019,-0.043425,-0.884715,-0.896925,3.0478,2.6962,1.96165,1.55505
269,0.80465,0.51415,0.18395,0.30845,0.76325,0.47335,0.47875,0.05045,0.79585,0.80035,0.32265,0.17455,0.16665,0.59065,0.17055,-1.5907,0.657075,0.839135,39.2535,1.592225,44.2005,-0.82975,-1.42937,-0.012249,-0.619615,-1.145085,2.6982,2.6666,1.59065,1.17055
270,0.21755,0.50645,0.46325,0.17115,0.53445,0.80655,0.02955,0.62825,0.22275,0.94765,0.28035,0.43255,0.01325,0.29175,0.04855,-2.7649,0.653225,1.202225,35.1345,1.294785,54.1965,-1.45863,-0.62045,-0.046635,-0.457585,-1.191615,3.7302,2.053,1.29175,1.04855
271,0.64135,0.75535,0.60315,0.74625,0.04385,0.55825,0.89095,0.78235,0.57205,0.53895,0.25445,0.26285,0.10195,0.71315,0.72255,-1.9173,0.777675,1.384095,52.3875,0.657005,46.7475,-0.25267,-0.40471,-0.025677,-0.907155,-1.220105,3.0514,2.4078,1.71315,1.72255
272,0.38505,0.95065,0.00715,0.50625,0.49355,0.47245,0.67745,0.73755,0.37135,0.89085,0.13495,0.30255,0.44385,0.68795,0.46345,-2.4299,0.875325,0.609295,45.1875,1.241615,44.1735,-0.55157,-0.46743,-0.037719,-0.520065,-1.351555,3.2102,3.7754,1.68795,1.46345
273,0.45245,0.04485,0.07575,0.58545,0.54645,0.45145,0.42815,0.02445,0.98245,0.90935,0.27425,0.35615,0.14765,0.49895,0.46665,-2.2951,0.422425,0.698475,47.5635,1.310385,43.5435,-0.90059,-1.46577,-0.001053,-0.499715,-1.198325,3.4246,2.5906,1.49895,1.46665
274,0.19695,0.26115,0.58605,0.92435,0.69245,0.56895,0.05785,0.31795,0.51195,0.52395,0.37255,0.09355,0.03605,0.54885,0.81605,-2.8061,0.530575,1.361865,57.7305,1.500185,47.0685,-1.41901,-1.05487,-0.029283,-0.923655,-1.090195,2.3742,2.1442,1.54885,1.81605
