"growth.rate","prev.men.15.50","sim.id","xdesign1","xdesign2","conception.alpha_base","formation.hazard.agegapry.baseline"
-0.00183319921857957,0.239175257731959,1,0.262675082073547,0.156737122328486,-2.96957980302349,1.73510568349273
0,0.124045801526718,1,0.262675082073547,0.156737122328486,-2.96957980302349,1.73510568349273
-0.000300903616278151,0.207766990291262,1,0.262675082073547,0.156737122328486,-2.96957980302349,1.73510568349273
-0.000654261977432774,0.130177514792899,1,0.262675082073547,0.156737122328486,-2.96957980302349,1.73510568349273
-0.000959140970838699,0.225548902195609,1,0.262675082073547,0.156737122328486,-2.96957980302349,1.73510568349273
0.00772181766522095,0.270229007633588,2,0.462186452848837,0.320948578554671,-2.49075251316279,1.98142286783201
0.00755014367682637,0.252647503782148,2,0.462186452848837,0.320948578554671,-2.49075251316279,1.98142286783201
0.00865563088543224,0.374631268436578,2,0.462186452848837,0.320948578554671,-2.49075251316279,1.98142286783201
0.0100653428352518,0.37536231884058,2,0.462186452848837,0.320948578554671,-2.49075251316279,1.98142286783201
0.0133101520387328,0.285531370038412,2,0.462186452848837,0.320948578554671,-2.49075251316279,1.98142286783201
0.0416019589713282,0.522292993630573,3,0.915167968363967,0.664925961208064,-1.40359687592648,2.4973889418121
0.0399878457809102,0.385931558935361,3,0.915167968363967,0.664925961208064,-1.40359687592648,2.4973889418121
0.04083456833257,0.531229454306377,3,0.915167968363967,0.664925961208064,-1.40359687592648,2.4973889418121
0.0414275908783074,0.538511749347259,3,0.915167968363967,0.664925961208064,-1.40359687592648,2.4973889418121
0.0429754358887585,0.542983565107459,3,0.915167968363967,0.664925961208064,-1.40359687592648,2.4973889418121
-0.00477050924023291,0.261083743842365,4,0.0926895059202798,0.574615518406499,-3.37754518579133,2.36192327760975
-0.00438694571540034,0.232876712328767,4,0.0926895059202798,0.574615518406499,-3.37754518579133,2.36192327760975
-0.00416908044695255,0.274553571428571,4,0.0926895059202798,0.574615518406499,-3.37754518579133,2.36192327760975
-0.00330699012522725,0.111353711790393,4,0.0926895059202798,0.574615518406499,-3.37754518579133,2.36192327760975
-0.00256466471937753,0.363013698630137,4,0.0926895059202798,0.574615518406499,-3.37754518579133,2.36192327760975
0.0138436936867589,0.261034047919294,5,0.541811683273409,0.313752165308688,-2.29965196014382,1.97062824796303
0.0119114594366125,0.235609103078983,5,0.541811683273409,0.313752165308688,-2.29965196014382,1.97062824796303
0.0156309278870906,0.430555555555556,5,0.541811683273409,0.313752165308688,-2.29965196014382,1.97062824796303
0.0156309278870906,0.33495145631068,5,0.541811683273409,0.313752165308688,-2.29965196014382,1.97062824796303
0.0159590369755576,0.290953545232274,5,0.541811683273409,0.313752165308688,-2.29965196014382,1.97062824796303
0.0315369860215664,0.597027250206441,6,0.685185761374887,0.929910992195364,-1.95555417270027,2.89486648829305
0.0288587502153762,0.569962686567164,6,0.685185761374887,0.929910992195364,-1.95555417270027,2.89486648829305
0.0299967399418883,0.588447653429603,6,0.685185761374887,0.929910992195364,-1.95555417270027,2.89486648829305
0.0321452982061599,0.547153780798641,6,0.685185761374887,0.929910992195364,-1.95555417270027,2.89486648829305
0.0308133068111994,0.559440559440559,6,0.685185761374887,0.929910992195364,-1.95555417270027,2.89486648829305
0.0139950942566409,0.342710997442455,7,0.555627829357982,0.171763507137075,-2.26649320954084,1.75764526070561
0.0115555860481693,0.130492676431425,7,0.555627829357982,0.171763507137075,-2.26649320954084,1.75764526070561
0.0130412309140949,0.311926605504587,7,0.555627829357982,0.171763507137075,-2.26649320954084,1.75764526070561
0.0131566599765184,0.30390920554855,7,0.555627829357982,0.171763507137075,-2.26649320954084,1.75764526070561
0.0138436936867589,0.315159574468085,7,0.555627829357982,0.171763507137075,-2.26649320954084,1.75764526070561
0.00624344910229346,0.294871794871795,8,0.371291568544693,0.488134352085181,-2.70890023549274,2.23220152812777
0.00597796175288196,0.346089850249584,8,0.371291568544693,0.488134352085181,-2.70890023549274,2.23220152812777
0.0086976653561719,0.38109756097561,8,0.371291568544693,0.488134352085181,-2.70890023549274,2.23220152812777
0.00810594247382176,0.36697247706422,8,0.371291568544693,0.488134352085181,-2.70890023549274,2.23220152812777
0.0086976653561719,0.333832335329341,8,0.371291568544693,0.488134352085181,-2.70890023549274,2.23220152812777
0.0442503220917194,0.628807106598985,9,0.872563676040154,0.960684466371313,-1.50584717750363,2.94102669955697
0.042035237245878,0.590639419907713,9,0.872563676040154,0.960684466371313,-1.50584717750363,2.94102669955697
0.0427207664078034,0.584666666666667,9,0.872563676040154,0.960684466371313,-1.50584717750363,2.94102669955697
0.0431655903541634,0.673927392739274,9,0.872563676040154,0.960684466371313,-1.50584717750363,2.94102669955697
0.0462327824102891,0.635159542444311,9,0.872563676040154,0.960684466371313,-1.50584717750363,2.94102669955697
-0.00395216036702264,0.162790697674419,10,0.237179352759849,0.0640044974675402,-3.03076955337636,1.59600674620131
-0.00224986829653679,0.0550098231827112,10,0.237179352759849,0.0640044974675402,-3.03076955337636,1.59600674620131
-0.00235458037669253,0.114345114345114,10,0.237179352759849,0.0640044974675402,-3.03076955337636,1.59600674620131
-0.00438694571540034,0.126666666666667,10,0.237179352759849,0.0640044974675402,-3.03076955337636,1.59600674620131
0.000249377075551948,0.215320910973085,10,0.237179352759849,0.0640044974675402,-3.03076955337636,1.59600674620131
0.0324858811316305,0.348519362186788,11,0.899614099364262,0.141411443257239,-1.44092616152577,1.71211716488586
0.0303794646099149,0.371007371007371,11,0.899614099364262,0.141411443257239,-1.44092616152577,1.71211716488586
0.0317759033861654,0.40893760539629,11,0.899614099364262,0.141411443257239,-1.44092616152577,1.71211716488586
0.0311898551212576,0.348521183053557,11,0.899614099364262,0.141411443257239,-1.44092616152577,1.71211716488586
0.0334939276810296,0.28960943257185,11,0.899614099364262,0.141411443257239,-1.44092616152577,1.71211716488586
-0.00633488265229788,0.268817204301075,12,0.111001408465672,0.231933098623995,-3.33359661968239,1.84789964793599
-0.00599551483362788,0.210401891252955,12,0.111001408465672,0.231933098623995,-3.33359661968239,1.84789964793599
-0.00754114448672918,0.289002557544757,12,0.111001408465672,0.231933098623995,-3.33359661968239,1.84789964793599
-0.00515703794597567,0.141203703703704,12,0.111001408465672,0.231933098623995,-3.33359661968239,1.84789964793599
-0.00455096991935843,0.237623762376238,12,0.111001408465672,0.231933098623995,-3.33359661968239,1.84789964793599
0.00499226674848581,0.321976149914821,13,0.337632226895075,0.468413517167792,-2.78968265545182,2.20262027575169
0.00512782941625461,0.243548387096774,13,0.337632226895075,0.468413517167792,-2.78968265545182,2.20262027575169
0.00370896990871257,0.265758091993186,13,0.337632226895075,0.468413517167792,-2.78968265545182,2.20262027575169
0.00503749515500716,0.152709359605911,13,0.337632226895075,0.468413517167792,-2.78968265545182,2.20262027575169
0.00615510985669917,0.189873417721519,13,0.337632226895075,0.468413517167792,-2.78968265545182,2.20262027575169
-0.00684829275365787,0.273936170212766,14,0.0494796635466628,0.557199139883742,-3.48124880748801,2.33579870982561
-0.00444156068533078,0.251141552511416,14,0.0494796635466628,0.557199139883742,-3.48124880748801,2.33579870982561
-0.00571445732010638,0.167058823529412,14,0.0494796635466628,0.557199139883742,-3.48124880748801,2.33579870982561
-0.00679098615712674,0.274698795180723,14,0.0494796635466628,0.557199139883742,-3.48124880748801,2.33579870982561
-0.0042234578313225,0.28743961352657,14,0.0494796635466628,0.557199139883742,-3.48124880748801,2.33579870982561
0.0424434027778361,0.585445094217024,15,0.858186346883886,0.852672120830975,-1.54035276747867,2.77900818124646
0.0394001355786312,0.539078156312625,15,0.858186346883886,0.852672120830975,-1.54035276747867,2.77900818124646
0.0370492254987053,0.631352899069434,15,0.858186346883886,0.852672120830975,-1.54035276747867,2.77900818124646
0.0402120614032766,0.585333333333333,15,0.858186346883886,0.852672120830975,-1.54035276747867,2.77900818124646
0.0411209758132042,0.589142091152815,15,0.858186346883886,0.852672120830975,-1.54035276747867,2.77900818124646
-0.00400630222396424,0.430260047281324,16,0.103082923307084,0.814950016448274,-3.352600984063,2.72242502467241
-0.00224986829653679,0.279826464208243,16,0.103082923307084,0.814950016448274,-3.352600984063,2.72242502467241
-0.00314698998869371,0.258278145695364,16,0.103082923307084,0.814950016448274,-3.352600984063,2.72242502467241
-0.000351230746848223,0.262729124236253,16,0.103082923307084,0.814950016448274,-3.352600984063,2.72242502467241
-0.00183319921857957,0.404255319148936,16,0.103082923307084,0.814950016448274,-3.352600984063,2.72242502467241
-0.000908198531383559,0.190274841437632,17,0.216495794604998,0.270831138978247,-3.080410092948,1.90624670846737
-0.000806469096494182,0.215415019762846,17,0.216495794604998,0.270831138978247,-3.080410092948,1.90624670846737
-0.00309377018590438,0.333333333333333,17,0.216495794604998,0.270831138978247,-3.080410092948,1.90624670846737
-0.00272280928980294,0.266811279826464,17,0.216495794604998,0.270831138978247,-3.080410092948,1.90624670846737
-0.000857307941748526,0.247379454926625,17,0.216495794604998,0.270831138978247,-3.080410092948,1.90624670846737
0.0405465108108164,0.530192435301924,18,0.909533554511145,0.593538842406124,-1.41711946917325,2.39030826360919
0.0365943504437938,0.474635163307853,18,0.909533554511145,0.593538842406124,-1.41711946917325,2.39030826360919
0.036858203298836,0.500359971202304,18,0.909533554511145,0.593538842406124,-1.41711946917325,2.39030826360919
0.0408124688846964,0.544087491455913,18,0.909533554511145,0.593538842406124,-1.41711946917325,2.39030826360919
0.0418623762266851,0.544488711819389,18,0.909533554511145,0.593538842406124,-1.41711946917325,2.39030826360919
0.00873966451865816,0.305597579425113,19,0.539537326500285,0.0596920880535617,-2.30511041639932,1.58953813208034
0.00852931502877668,0.243125904486252,19,0.539537326500285,0.0596920880535617,-2.30511041639932,1.58953813208034
0.0119114594366125,0.36237897648686,19,0.539537326500285,0.0596920880535617,-2.30511041639932,1.58953813208034
0.0107958753111235,0.225718194254446,19,0.539537326500285,0.0596920880535617,-2.30511041639932,1.58953813208034
0.0115555860481693,0.281293952180028,19,0.539537326500285,0.0596920880535617,-2.30511041639932,1.58953813208034
0.0334939276810296,0.440124416796268,20,0.883399792034179,0.286247141896747,-1.47984049911797,1.92937071284512
0.0290269118088645,0.377740303541315,20,0.883399792034179,0.286247141896747,-1.47984049911797,1.92937071284512
0.0315103690393036,0.388670338316286,20,0.883399792034179,0.286247141896747,-1.47984049911797,1.92937071284512
0.0316963910449987,0.377207062600321,20,0.883399792034179,0.286247141896747,-1.47984049911797,1.92937071284512
0.0354264141299124,0.379050489826677,20,0.883399792034179,0.286247141896747,-1.47984049911797,1.92937071284512
0.0208367350183198,0.408704883227176,21,0.652624741101172,0.426646182497498,-2.03370062135719,2.13996927374625
0.0207377577507629,0.181818181818182,21,0.652624741101172,0.426646182497498,-2.03370062135719,2.13996927374625
0.0203398776670972,0.384368308351178,21,0.652624741101172,0.426646182497498,-2.03370062135719,2.13996927374625
0.0217511955174854,0.360488798370672,21,0.652624741101172,0.426646182497498,-2.03370062135719,2.13996927374625
0.022330352571967,0.387612387612388,21,0.652624741101172,0.426646182497498,-2.03370062135719,2.13996927374625
-0.008480139219309,0.266846361185984,22,0.00165453933179379,0.433124896564987,-3.59602910560369,2.14968734484748
-0.00673374516633008,0.135514018691589,22,0.00165453933179379,0.433124896564987,-3.59602910560369,2.14968734484748
-0.00622150391890885,0.144254278728606,22,0.00165453933179379,0.433124896564987,-3.59602910560369,2.14968734484748
-0.00859876323699052,0.292929292929293,22,0.00165453933179379,0.433124896564987,-3.59602910560369,2.14968734484748
-0.00427789441808233,0.355769230769231,22,0.00165453933179379,0.433124896564987,-3.59602910560369,2.14968734484748
-0.0042234578313225,0.26241134751773,23,0.243221680566203,0.0240568961272947,-3.01626796664111,1.53608534419094
-0.00406050277127716,0.198704103671706,23,0.243221680566203,0.0240568961272947,-3.01626796664111,1.53608534419094
-0.00341394203766472,0.300668151447661,23,0.243221680566203,0.0240568961272947,-3.01626796664111,1.53608534419094
-0.00198904350059223,0.170731707317073,23,0.243221680566203,0.0240568961272947,-3.01626796664111,1.53608534419094
-0.00204109972601276,0.196652719665272,23,0.243221680566203,0.0240568961272947,-3.01626796664111,1.53608534419094
0.0228395867636753,0.383733055265902,24,0.615101252065506,0.589960773715284,-2.12375699504279,2.38494116057293
0.0196358767642831,0.414988814317673,24,0.615101252065506,0.589960773715284,-2.12375699504279,2.38494116057293
0.0203398776670972,0.435517970401691,24,0.615101252065506,0.589960773715284,-2.12375699504279,2.38494116057293
0.0233750249513809,0.465767634854772,24,0.615101252065506,0.589960773715284,-2.12375699504279,2.38494116057293
0.024059540931815,0.433663366336634,24,0.615101252065506,0.589960773715284,-2.12375699504279,2.38494116057293
0.0247348120918053,0.573306370070779,25,0.569239684713539,0.94855082356371,-2.23382475668751,2.92282623534556
0.0224262298784306,0.46319018404908,25,0.569239684713539,0.94855082356371,-2.23382475668751,2.92282623534556
0.0226810074997606,0.468262226847034,25,0.569239684713539,0.94855082356371,-2.23382475668751,2.92282623534556
0.0248870192108668,0.48134328358209,25,0.569239684713539,0.94855082356371,-2.23382475668751,2.92282623534556
0.0259991780775378,0.517034068136273,25,0.569239684713539,0.94855082356371,-2.23382475668751,2.92282623534556
0.0352290779092804,0.548679245283019,26,0.83510959698353,0.609535483960062,-1.59573696723953,2.41430322594009
0.0327982194716115,0.494052339413164,26,0.83510959698353,0.609535483960062,-1.59573696723953,2.41430322594009
0.0340030970505645,0.511969111969112,26,0.83510959698353,0.609535483960062,-1.59573696723953,2.41430322594009
0.0354264141299124,0.495811119573496,26,0.83510959698353,0.609535483960062,-1.59573696723953,2.41430322594009
0.0376179520095896,0.511834319526627,26,0.83510959698353,0.609535483960062,-1.59573696723953,2.41430322594009
0.0253408801184226,0.492018779342723,27,0.632576212608255,0.808123050923459,-2.08181708974019,2.71218457638519
0.0239976980049452,0.444554455445545,27,0.632576212608255,0.808123050923459,-2.08181708974019,2.71218457638519
0.0259396896707584,0.527397260273973,27,0.632576212608255,0.808123050923459,-2.08181708974019,2.71218457638519
0.0241213074622146,0.520669291338583,27,0.632576212608255,0.808123050923459,-2.08181708974019,2.71218457638519
0.0275215439179175,0.434587813620072,27,0.632576212608255,0.808123050923459,-2.08181708974019,2.71218457638519
0.0378999076439781,0.607090103397341,28,0.730464608869515,0.987821821158286,-1.84688493871316,2.98173273173743
0.0339777613520239,0.550164473684211,28,0.730464608869515,0.987821821158286,-1.84688493871316,2.98173273173743
0.0336727273607105,0.630104083266613,28,0.730464608869515,0.987821821158286,-1.84688493871316,2.98173273173743
0.0356719941913854,0.666666666666667,28,0.730464608869515,0.987821821158286,-1.84688493871316,2.98173273173743
0.0375943837791273,0.538241601143674,28,0.730464608869515,0.987821821158286,-1.84688493871316,2.98173273173743
0.0268831138859775,0.452247191011236,29,0.704178562583402,0.522678781289142,-1.90997144979984,2.28401817193371
0.0242446120869743,0.416107382550336,29,0.704178562583402,0.522678781289142,-1.90997144979984,2.28401817193371
0.0231552443777289,0.29622641509434,29,0.704178562583402,0.522678781289142,-1.90997144979984,2.28401817193371
0.02763675134216,0.415329768270945,29,0.704178562583402,0.522678781289142,-1.90997144979984,2.28401817193371
0.0267075724534744,0.443405051449953,29,0.704178562583402,0.522678781289142,-1.90997144979984,2.28401817193371
0.00356949980433365,0.316433566433566,30,0.298540015022736,0.677621515295468,-2.88350396394543,2.5164322729432
0.00539785707525462,0.247491638795987,30,0.298540015022736,0.677621515295468,-2.88350396394543,2.5164322729432
0.00548754319795596,0.393790849673203,30,0.298540015022736,0.677621515295468,-2.88350396394543,2.5164322729432
0.00319566628718264,0.386481802426343,30,0.298540015022736,0.677621515295468,-2.88350396394543,2.5164322729432
0.00899092132879181,0.409582689335394,30,0.298540015022736,0.677621515295468,-2.88350396394543,2.5164322729432
0.0300789993517227,0.533731853116994,31,0.723472306777257,0.699863115891349,-1.86366646373458,2.54979467383702
0.0303249686917137,0.464521452145215,31,0.723472306777257,0.699863115891349,-1.86366646373458,2.54979467383702
0.0291387061539287,0.51009657594381,31,0.723472306777257,0.699863115891349,-1.86366646373458,2.54979467383702
0.0288587502153762,0.436286919831224,31,0.723472306777257,0.699863115891349,-1.86366646373458,2.54979467383702
0.0319609419267195,0.505212510024058,31,0.723472306777257,0.699863115891349,-1.86366646373458,2.54979467383702
-0.0113450300095961,0.153846153846154,32,0.011314423205331,0.0129360554902814,-3.57284538430721,1.51940408323542
-0.0103512084717163,0.178362573099415,32,0.011314423205331,0.0129360554902814,-3.57284538430721,1.51940408323542
-0.008480139219309,0.204481792717087,32,0.011314423205331,0.0129360554902814,-3.57284538430721,1.51940408323542
-0.0115335908867501,0.118155619596542,32,0.011314423205331,0.0129360554902814,-3.57284538430721,1.51940408323542
-0.00713581511007976,0.205263157894737,32,0.011314423205331,0.0129360554902814,-3.57284538430721,1.51940408323542
-0.00400630222396424,0.207373271889401,33,0.183744868645445,0.123993511069566,-3.15901231525093,1.68599026660435
-0.00627816114876729,0.170673076923077,33,0.183744868645445,0.123993511069566,-3.15901231525093,1.68599026660435
-0.00477050924023291,0.215102974828375,33,0.183744868645445,0.123993511069566,-3.15901231525093,1.68599026660435
-0.00373617730979682,0.168831168831169,33,0.183744868645445,0.123993511069566,-3.15901231525093,1.68599026660435
-0.00341394203766472,0.251121076233184,33,0.183744868645445,0.123993511069566,-3.15901231525093,1.68599026660435
0.00262962250595853,0.445920303605313,34,0.276314202283975,0.748121315238532,-2.93684591451846,2.6221819728578
0.00557706873664538,0.344425956738769,34,0.276314202283975,0.748121315238532,-2.93684591451846,2.6221819728578
0.00508268268632499,0.367875647668394,34,0.276314202283975,0.748121315238532,-2.93684591451846,2.6221819728578
0.0036160330789813,0.39010989010989,34,0.276314202283975,0.748121315238532,-2.93684591451846,2.6221819728578
0.00694459994333093,0.398073836276083,34,0.276314202283975,0.748121315238532,-2.93684591451846,2.6221819728578
-0.000654261977432774,0.391120507399577,35,0.133900789336767,0.910771516691893,-3.27863810559176,2.86615727503784
-0.000502516792675073,0.407484407484408,35,0.133900789336767,0.910771516691893,-3.27863810559176,2.86615727503784
-0.00101013536587597,0.38747553816047,35,0.133900789336767,0.910771516691893,-3.27863810559176,2.86615727503784
0.000199601063476873,0.362139917695473,35,0.133900789336767,0.910771516691893,-3.27863810559176,2.86615727503784
0.002391866470708,0.363461538461538,35,0.133900789336767,0.910771516691893,-3.27863810559176,2.86615727503784
0.00291344540619879,0.344463971880492,36,0.256896278487984,0.733636968098581,-2.98344893162884,2.60045545214787
0.00305475496799054,0.444444444444444,36,0.256896278487984,0.733636968098581,-2.98344893162884,2.60045545214787
0.00440054386613567,0.435168738898757,36,0.256896278487984,0.733636968098581,-2.98344893162884,2.60045545214787
0.00403289515087273,0.362369337979094,36,0.256896278487984,0.733636968098581,-2.98344893162884,2.60045545214787
0.00580018378781531,0.416812609457093,36,0.256896278487984,0.733636968098581,-2.98344893162884,2.60045545214787
0.0334171030820487,0.504424778761062,37,0.776894134124741,0.654425924671814,-1.73545407810062,2.48163888700772
0.0315635888420929,0.389272030651341,37,0.776894134124741,0.654425924671814,-1.73545407810062,2.48163888700772
0.0339524128090222,0.475856697819315,37,0.776894134124741,0.654425924671814,-1.73545407810062,2.48163888700772
0.032668315527405,0.493374902572097,37,0.776894134124741,0.654425924671814,-1.73545407810062,2.48163888700772
0.034079027209424,0.492389649923896,37,0.776894134124741,0.654425924671814,-1.73545407810062,2.48163888700772
0.0279807893967711,0.373417721518987,38,0.825549006231595,0.131567141325213,-1.61868238504417,1.69735071198782
0.0252202527981534,0.0122270742358079,38,0.825549006231595,0.131567141325213,-1.61868238504417,1.69735071198782
0.0240904337347749,0.343632958801498,38,0.825549006231595,0.131567141325213,-1.61868238504417,1.69735071198782
0.0271162145412681,0.337765957446808,38,0.825549006231595,0.131567141325213,-1.61868238504417,1.69735071198782
0.028407534519263,0.355321020228672,38,0.825549006231595,0.131567141325213,-1.61868238504417,1.69735071198782
0.0202065442547514,0.415717539863326,39,0.59429624407785,0.625822052701842,-2.17368901421316,2.43873307905276
0.0200393759278527,0.292834890965732,39,0.59429624407785,0.625822052701842,-2.17368901421316,2.43873307905276
0.0183362139895867,0.433748584371461,39,0.59429624407785,0.625822052701842,-2.17368901421316,2.43873307905276
0.019297122080965,0.461626575028637,39,0.59429624407785,0.625822052701842,-2.17368901421316,2.43873307905276
0.0201063103421325,0.447311827956989,39,0.59429624407785,0.625822052701842,-2.17368901421316,2.43873307905276
0.03869025417887,0.43619972260749,40,0.974527200628072,0.189701621788554,-1.26113471849263,1.78455243268283
0.0338254769703461,0.377643504531722,40,0.974527200628072,0.189701621788554,-1.26113471849263,1.78455243268283
0.0344820520615329,0.390386016023307,40,0.974527200628072,0.189701621788554,-1.26113471849263,1.78455243268283
0.0379467460548974,0.376271186440678,40,0.974527200628072,0.189701621788554,-1.26113471849263,1.78455243268283
0.0391493942279867,0.412955465587045,40,0.974527200628072,0.189701621788554,-1.26113471849263,1.78455243268283
0.00698809711875793,0.303079416531605,41,0.393064432588872,0.459894998334348,-2.65664536178671,2.18984249750152
0.00668281924063368,0.24251968503937,41,0.393064432588872,0.459894998334348,-2.65664536178671,2.18984249750152
0.00685749190736168,0.240683229813665,41,0.393064432588872,0.459894998334348,-2.65664536178671,2.18984249750152
0.00802083607029523,0.358006042296073,41,0.393064432588872,0.459894998334348,-2.65664536178671,2.18984249750152
0.00776464422030176,0.315301391035549,41,0.393064432588872,0.459894998334348,-2.65664536178671,2.18984249750152
0.0337236957647162,0.458652373660031,42,0.805783539440017,0.531764520364813,-1.66611950534396,2.29764678054722
0.0314570925292016,0.376182965299685,42,0.805783539440017,0.531764520364813,-1.66611950534396,2.29764678054722
0.0299418250544352,0.477079796264856,42,0.805783539440017,0.531764520364813,-1.66611950534396,2.29764678054722
0.0312434169903325,0.495908346972177,42,0.805783539440017,0.531764520364813,-1.66611950534396,2.29764678054722
0.0345322025170913,0.420161883738043,42,0.805783539440017,0.531764520364813,-1.66611950534396,2.29764678054722
0.0117536061089742,0.295125164690382,43,0.529103703042492,0.255421304244082,-2.33015111269802,1.88313195636612
0.00944830497563116,0.284692417739628,43,0.529103703042492,0.255421304244082,-2.33015111269802,1.88313195636612
0.0137678211380572,0.215174129353234,43,0.529103703042492,0.255421304244082,-2.33015111269802,1.88313195636612
0.010594017951775,0.225761772853186,43,0.529103703042492,0.255421304244082,-2.33015111269802,1.88313195636612
0.0148197006526901,0.279357231149567,43,0.529103703042492,0.255421304244082,-2.33015111269802,1.88313195636612
0.0361838192797384,0.363367799113737,44,0.961426040821243,0.0738430389203131,-1.29257750202902,1.61076455838047
0.0316167520581594,0.334905660377358,44,0.961426040821243,0.0738430389203131,-1.29257750202902,1.61076455838047
0.0331601652093437,0.381395348837209,44,0.961426040821243,0.0738430389203131,-1.29257750202902,1.61076455838047
0.034431851254103,0.349706744868035,44,0.961426040821243,0.0738430389203131,-1.29257750202902,1.61076455838047
0.0359894555753183,0.368458274398868,44,0.961426040821243,0.0738430389203131,-1.29257750202902,1.61076455838047
0.0193650568740247,0.238347457627119,45,0.624150476253126,0.226761640508194,-2.1020388569925,1.84014246076229
0.0162127526341311,0.131756756756757,45,0.624150476253126,0.226761640508194,-2.1020388569925,1.84014246076229
0.0168949894306199,0.349315068493151,45,0.624150476253126,0.226761640508194,-2.1020388569925,1.84014246076229
0.0183362139895867,0.38389731621937,45,0.624150476253126,0.226761640508194,-2.1020388569925,1.84014246076229
0.0191950465096162,0.205183585313175,45,0.624150476253126,0.226761640508194,-2.1020388569925,1.84014246076229
0.0215891208212769,0.395522388059701,46,0.742109257506672,0.212692937797401,-1.81893778198399,1.8190394066961
0.0221701473724278,0.291066282420749,46,0.742109257506672,0.212692937797401,-1.81893778198399,1.8190394066961
0.0225856179636742,0.364476386036961,46,0.742109257506672,0.212692937797401,-1.81893778198399,1.8190394066961
0.0247348120918053,0.432355723746452,46,0.742109257506672,0.212692937797401,-1.81893778198399,1.8190394066961
0.0251900504414513,0.364077669902913,46,0.742109257506672,0.212692937797401,-1.81893778198399,1.8190394066961
0.0117140647862333,0.289437585733882,47,0.47428750370862,0.544692509423476,-2.46170999109931,2.31703876413521
0.0129641298965041,0.304627249357326,47,0.47428750370862,0.544692509423476,-2.46170999109931,2.31703876413521
0.0119901996103658,0.376010781671159,47,0.47428750370862,0.544692509423476,-2.46170999109931,2.31703876413521
0.0113567786291874,0.384507042253521,47,0.47428750370862,0.544692509423476,-2.46170999109931,2.31703876413521
0.0145214149059903,0.36025641025641,47,0.47428750370862,0.544692509423476,-2.46170999109931,2.31703876413521
0.0174976199088953,0.448060075093867,48,0.501326899752021,0.831718000823166,-2.39681544059515,2.74757700123475
0.019229094859587,0.391208791208791,48,0.501326899752021,0.831718000823166,-2.39681544059515,2.74757700123475
0.0181626629649427,0.490384615384615,48,0.501326899752021,0.831718000823166,-2.39681544059515,2.74757700123475
0.0162488928597739,0.395432692307692,48,0.501326899752021,0.831718000823166,-2.39681544059515,2.74757700123475
0.0186815192294073,0.496535796766744,48,0.501326899752021,0.831718000823166,-2.39681544059515,2.74757700123475
0.0224262298784306,0.349047141424273,49,0.664600964458659,0.393691894623917,-2.00495768529922,2.09053784193588
0.0203731555385419,0.319544984488108,49,0.664600964458659,0.393691894623917,-2.00495768529922,2.09053784193588
0.0174976199088953,0.377828054298643,49,0.664600964458659,0.393691894623917,-2.00495768529922,2.09053784193588
0.0214916232278229,0.343621399176955,49,0.664600964458659,0.393691894623917,-2.00495768529922,2.09053784193588
0.0237806434005123,0.399209486166008,49,0.664600964458659,0.393691894623917,-2.00495768529922,2.09053784193588
-0.000150225451014936,0.282051282051282,50,0.309429570592474,0.267254052725621,-2.85736903057806,1.90088107908843
0.000546997001916713,0.219512195121951,50,0.309429570592474,0.267254052725621,-2.85736903057806,1.90088107908843
0.000199601063476873,0.304761904761905,50,0.309429570592474,0.267254052725621,-2.85736903057806,1.90088107908843
0.00328938702690016,0.226449275362319,50,0.309429570592474,0.267254052725621,-2.85736903057806,1.90088107908843
0.00342963957328058,0.215789473684211,50,0.309429570592474,0.267254052725621,-2.85736903057806,1.90088107908843
0.00277173534440503,0.335282651072125,51,0.327619738616049,0.374861491043121,-2.81371262732148,2.06229223656468
0.00481094288702714,0.198036006546645,51,0.327619738616049,0.374861491043121,-2.81371262732148,2.06229223656468
0.00557706873664538,0.2578125,51,0.327619738616049,0.374861491043121,-2.81371262732148,2.06229223656468
0.00407899934962114,0.328125,51,0.327619738616049,0.374861491043121,-2.81371262732148,2.06229223656468
0.00619929898904955,0.240063593004769,51,0.327619738616049,0.374861491043121,-2.81371262732148,2.06229223656468
-0.00188509335920058,0.20746887966805,52,0.159329098288436,0.560638024667278,-3.21761016410776,2.34095703700092
-0.000200401069876941,0.220647773279352,52,0.159329098288436,0.560638024667278,-3.21761016410776,2.34095703700092
-0.000654261977432774,0.252587991718426,52,0.159329098288436,0.560638024667278,-3.21761016410776,2.34095703700092
-0.000401608584863213,0.265690376569038,52,0.159329098288436,0.560638024667278,-3.21761016410776,2.34095703700092
-0.00178135888215756,0.288793103448276,52,0.159329098288436,0.560638024667278,-3.21761016410776,2.34095703700092
0.0236873307762285,0.534174553101998,53,0.574706784975715,0.897845462299883,-2.22070371605828,2.84676819344983
0.0235626424323084,0.536585365853659,53,0.574706784975715,0.897845462299883,-2.22070371605828,2.84676819344983
0.022649231203807,0.429447852760736,53,0.574706784975715,0.897845462299883,-2.22070371605828,2.84676819344983
0.0246737992715439,0.518811881188119,53,0.574706784975715,0.897845462299883,-2.22070371605828,2.84676819344983
0.0256711124806628,0.536053130929791,53,0.574706784975715,0.897845462299883,-2.22070371605828,2.84676819344983
0.011037033334895,0.390420899854862,54,0.446035880676936,0.514183216358069,-2.52951388637535,2.2712748245371
0.0113966034023003,0.237179487179487,54,0.446035880676936,0.514183216358069,-2.52951388637535,2.2712748245371
0.00981944070026951,0.434977578475336,54,0.446035880676936,0.514183216358069,-2.52951388637535,2.2712748245371
0.0108361491755644,0.326055312954876,54,0.446035880676936,0.514183216358069,-2.52951388637535,2.2712748245371
0.0109969210182631,0.377464788732394,54,0.446035880676936,0.514183216358069,-2.52951388637535,2.2712748245371
0.00861356104702266,0.3267776096823,55,0.434849896805827,0.369810180847999,-2.55636024766602,2.054715271272
0.00733471895754017,0.297380585516179,55,0.434849896805827,0.369810180847999,-2.55636024766602,2.054715271272
0.0082333310777617,0.378419452887538,55,0.434849896805827,0.369810180847999,-2.55636024766602,2.054715271272
0.0107958753111235,0.276353276353276,55,0.434849896805827,0.369810180847999,-2.55636024766602,2.054715271272
0.0116348882059511,0.38865836791148,55,0.434849896805827,0.369810180847999,-2.55636024766602,2.054715271272
-0.0082437321595117,0.193548387096774,56,0.0210880631650798,0.302828839558642,-3.54938864840381,1.95424325933796
-0.008480139219309,0.31151832460733,56,0.0210880631650798,0.302828839558642,-3.54938864840381,1.95424325933796
-0.00865818095045945,0.240740740740741,56,0.0210880631650798,0.302828839558642,-3.54938864840381,1.95424325933796
-0.00673374516633008,0.265664160401002,56,0.0210880631650798,0.302828839558642,-3.54938864840381,1.95424325933796
-0.0065624143304977,0.25,56,0.0210880631650798,0.302828839558642,-3.54938864840381,1.95424325933796
0.0105130462741598,0.470760233918129,57,0.312477268329822,0.958478821495082,-2.85005455600843,2.93771823224262
0.0101470421998345,0.495677233429395,57,0.312477268329822,0.958478821495082,-2.85005455600843,2.93771823224262
0.00857145578137655,0.421212121212121,57,0.312477268329822,0.958478821495082,-2.85005455600843,2.93771823224262
0.00998350975642838,0.54858934169279,57,0.312477268329822,0.958478821495082,-2.85005455600843,2.93771823224262
0.0118720428007517,0.433701657458564,57,0.312477268329822,0.958478821495082,-2.85005455600843,2.93771823224262
0.0411868375131774,0.421186981493299,58,0.994985145307146,0.290822392308619,-1.21203565126285,1.93623358846293
0.0370492254987053,0.369198312236287,58,0.994985145307146,0.290822392308619,-1.21203565126285,1.93623358846293
0.0404575428158126,0.406514657980456,58,0.994985145307146,0.290822392308619,-1.21203565126285,1.93623358846293
0.0404352760597109,0.430412371134021,58,0.994985145307146,0.290822392308619,-1.21203565126285,1.93623358846293
0.0421429726894136,0.335891381345927,58,0.994985145307146,0.290822392308619,-1.21203565126285,1.93623358846293
-0.00526802578289131,0.238095238095238,59,0.083728667080868,0.358864587505814,-3.39905119900592,2.03829688125872
-0.00627816114876729,0.167070217917676,59,0.083728667080868,0.358864587505814,-3.39905119900592,2.03829688125872
-0.00588290217341162,0.155717761557178,59,0.083728667080868,0.358864587505814,-3.39905119900592,2.03829688125872
-0.00684829275365787,0.359605911330049,59,0.083728667080868,0.358864587505814,-3.39905119900592,2.03829688125872
-0.00245951220953859,0.208602150537634,59,0.083728667080868,0.358864587505814,-3.39905119900592,2.03829688125872
0.0337236957647162,0.381944444444444,60,0.92934691370232,0.0947193073085509,-1.36956740711443,1.64207896096283
0.0316433124837508,0.326323987538941,60,0.92934691370232,0.0947193073085509,-1.36956740711443,1.64207896096283
0.0332887991881907,0.325390915860015,60,0.92934691370232,0.0947193073085509,-1.36956740711443,1.64207896096283
0.0321190031753146,0.387171561051005,60,0.92934691370232,0.0947193073085509,-1.36956740711443,1.64207896096283
0.0341800883858207,0.351810790835181,60,0.92934691370232,0.0947193073085509,-1.36956740711443,1.64207896096283
0.00928246734433146,0.353460972017673,61,0.415239860778674,0.411091009634547,-2.60342433413118,2.11663651445182
0.00785018744048323,0.306784660766962,61,0.415239860778674,0.411091009634547,-2.60342433413118,2.11663651445182
0.00650753422325225,0.262992125984252,61,0.415239860778674,0.411091009634547,-2.60342433413118,2.11663651445182
0.0111571775657105,0.364902506963788,61,0.415239860778674,0.411091009634547,-2.60342433413118,2.11663651445182
0.00973720383962559,0.263988522238164,61,0.415239860778674,0.411091009634547,-2.60342433413118,2.11663651445182
0.0279807893967711,0.516714422158548,62,0.643171446716879,0.783332779845223,-2.05638852787949,2.67499916976783
0.024336891411845,0.490059642147117,62,0.643171446716879,0.783332779845223,-2.05638852787949,2.67499916976783
0.0254612171199508,0.519646365422397,62,0.643171446716879,0.783332779845223,-2.05638852787949,2.67499916976783
0.0264136268684856,0.514832535885167,62,0.643171446716879,0.783332779845223,-2.05638852787949,2.67499916976783
0.0266195700840276,0.495813953488372,62,0.643171446716879,0.783332779845223,-2.05638852787949,2.67499916976783
-0.000200401069876941,0.393939393939394,63,0.222779660294764,0.508374165692367,-3.06532881529257,2.26256124853855
0.000941087712029383,0.293307086614173,63,0.222779660294764,0.508374165692367,-3.06532881529257,2.26256124853855
-0.000654261977432774,0.383838383838384,63,0.222779660294764,0.508374165692367,-3.06532881529257,2.26256124853855
0.00113697434847447,0.2421875,63,0.222779660294764,0.508374165692367,-3.06532881529257,2.26256124853855
0.000645811263327311,0.308467741935484,63,0.222779660294764,0.508374165692367,-3.06532881529257,2.26256124853855
-0.00126589039921449,0.334745762711864,64,0.0778754050773569,0.70276849841699,-3.41309902781434,2.55415274762549
-0.00346750390673966,0.372960372960373,64,0.0778754050773569,0.70276849841699,-3.41309902781434,2.55415274762549
-0.00433239033628361,0.362559241706161,64,0.0778754050773569,0.70276849841699,-3.41309902781434,2.55415274762549
-0.0042234578313225,0.348729792147806,64,0.0778754050773569,0.70276849841699,-3.41309902781434,2.55415274762549
-0.00111228044736599,0.261316872427984,64,0.0778754050773569,0.70276849841699,-3.41309902781434,2.55415274762549
0.0131566599765184,0.303355704697987,65,0.587024625125341,0.0458703514141962,-2.19114089969918,1.56880552712129
0.0108763906264287,0.196808510638298,65,0.587024625125341,0.0458703514141962,-2.19114089969918,1.56880552712129
0.00969603463186532,0.217451523545706,65,0.587024625125341,0.0458703514141962,-2.19114089969918,1.56880552712129
0.0127708555932253,0.296442687747036,65,0.587024625125341,0.0458703514141962,-2.19114089969918,1.56880552712129
0.0148197006526901,0.305626598465473,65,0.587024625125341,0.0458703514141962,-2.19114089969918,1.56880552712129
0.00128338733742889,0.278210116731518,66,0.351650276386645,0.198367322697304,-2.75603933667205,1.79755098404596
0.00310176954597264,0.209705372616984,66,0.351650276386645,0.198367322697304,-2.75603933667205,1.79755098404596
0.0011858263308658,0.273946360153257,66,0.351650276386645,0.198367322697304,-2.75603933667205,1.79755098404596
0.002391866470708,0.214035087719298,66,0.351650276386645,0.198367322697304,-2.75603933667205,1.79755098404596
0.00370896990871257,0.199640287769784,66,0.351650276386645,0.198367322697304,-2.75603933667205,1.79755098404596
-0.00433239033628361,0.239179954441913,67,0.120644575387705,0.330711540239863,-3.31045301906951,1.99606731035979
-0.0042234578313225,0.195698924731183,67,0.120644575387705,0.330711540239863,-3.31045301906951,1.99606731035979
-0.00346750390673966,0.383177570093458,67,0.120644575387705,0.330711540239863,-3.31045301906951,1.99606731035979
-0.00593917679949835,0.264705882352941,67,0.120644575387705,0.330711540239863,-3.31045301906951,1.99606731035979
-0.00416908044695255,0.255760368663594,67,0.120644575387705,0.330711540239863,-3.31045301906951,1.99606731035979
0.0180233871088714,0.502358490566038,68,0.497547056216281,0.767027787433472,-2.40588706508093,2.65054168115021
0.0144090973746716,0.424812030075188,68,0.497547056216281,0.767027787433472,-2.40588706508093,2.65054168115021
0.0149311006245058,0.483018867924528,68,0.497547056216281,0.767027787433472,-2.40588706508093,2.65054168115021
0.0175328435806585,0.50924784217016,68,0.497547056216281,0.767027787433472,-2.40588706508093,2.65054168115021
0.0187846474887247,0.478839177750907,68,0.497547056216281,0.767027787433472,-2.40588706508093,2.65054168115021
0.02763675134216,0.303697183098592,69,0.86620410033036,0.0069882453721948,-1.52111015920714,1.51048236805829
0.0241829977846611,0.300843486410497,69,0.86620410033036,0.0069882453721948,-1.52111015920714,1.51048236805829
0.0271162145412681,0.330998248686515,69,0.86620410033036,0.0069882453721948,-1.52111015920714,1.51048236805829
0.0283508451707867,0.316695352839931,69,0.86620410033036,0.0069882453721948,-1.52111015920714,1.51048236805829
0.0279236138616672,0.346428571428571,69,0.86620410033036,0.0069882453721948,-1.52111015920714,1.51048236805829
0.030651056804033,0.425335570469799,70,0.811695767666679,0.404639623810072,-1.65193015759997,2.10695943571511
0.0275215439179175,0.395348837209302,70,0.811695767666679,0.404639623810072,-1.65193015759997,2.10695943571511
0.030515445112547,0.34621578099839,70,0.811695767666679,0.404639623810072,-1.65193015759997,2.10695943571511
0.0314304329711187,0.409587888982338,70,0.811695767666679,0.404639623810072,-1.65193015759997,2.10695943571511
0.03113623581317,0.396257119609439,70,0.811695767666679,0.404639623810072,-1.65193015759997,2.10695943571511
-0.000300903616278151,0.412863070539419,71,0.160622140523046,0.904369311104529,-3.21450686274469,2.85655396665679
0.000348780686821257,0.338551859099804,71,0.160622140523046,0.904369311104529,-3.21450686274469,2.85655396665679
-5.00250166791767e-05,0.321862348178138,71,0.160622140523046,0.904369311104529,-3.21450686274469,2.85655396665679
0.0011858263308658,0.391472868217054,71,0.160622140523046,0.904369311104529,-3.21450686274469,2.85655396665679
0.00342963957328058,0.401869158878505,71,0.160622140523046,0.904369311104529,-3.21450686274469,2.85655396665679
0.00602230765379335,0.273031825795645,72,0.381090292686131,0.165621767877601,-2.68538329755329,1.7484326518164
0.00472003377107422,0.187599364069952,72,0.381090292686131,0.165621767877601,-2.68538329755329,1.7484326518164
0.00138075835164867,0.335164835164835,72,0.381090292686131,0.165621767877601,-2.68538329755329,1.7484326518164
0.00503749515500716,0.161189358372457,72,0.381090292686131,0.165621767877601,-2.68538329755329,1.7484326518164
0.0054427202456041,0.2304,72,0.381090292686131,0.165621767877601,-2.68538329755329,1.7484326518164
0.0165370780956114,0.459697732997481,73,0.483817163517233,0.689284832263365,-2.43883880755864,2.53392724839505
0.0158134764651847,0.436061381074169,73,0.483817163517233,0.689284832263365,-2.43883880755864,2.53392724839505
0.0150422529489031,0.395408163265306,73,0.483817163517233,0.689284832263365,-2.43883880755864,2.53392724839505
0.0166447207636664,0.498753117206983,73,0.483817163517233,0.689284832263365,-2.43883880755864,2.53392724839505
0.017778716924735,0.372065727699531,73,0.483817163517233,0.689284832263365,-2.43883880755864,2.53392724839505
0.0436482803567891,0.668575063613232,74,0.841693109145854,0.87230466414243,-1.57993653804995,2.80845699621364
0.0397174530534456,0.525597269624573,74,0.841693109145854,0.87230466414243,-1.57993653804995,2.80845699621364
0.0394455901272162,0.528846153846154,74,0.841693109145854,0.87230466414243,-1.57993653804995,2.80845699621364
0.0406796666817906,0.615065653075328,74,0.841693109145854,0.87230466414243,-1.57993653804995,2.80845699621364
0.0410550272435203,0.611261872455902,74,0.841693109145854,0.87230466414243,-1.57993653804995,2.80845699621364
0.0234376423672041,0.411290322580645,75,0.672986525420565,0.442218137544114,-1.98483233899064,2.16332720631617
0.0216540137570569,0.425420168067227,75,0.672986525420565,0.442218137544114,-1.98483233899064,2.16332720631617
0.0229976646696117,0.463855421686747,75,0.672986525420565,0.442218137544114,-1.98483233899064,2.16332720631617
0.0220737772815599,0.436903499469777,75,0.672986525420565,0.442218137544114,-1.98483233899064,2.16332720631617
0.0257607986033642,0.414589104339797,75,0.672986525420565,0.442218137544114,-1.98483233899064,2.16332720631617
-0.00455096991935843,0.232098765432099,76,0.141922095350455,0.11420215893304,-3.25938697115891,1.67130323839956
-0.00532361222552584,0.138888888888889,76,0.141922095350455,0.11420215893304,-3.25938697115891,1.67130323839956
-0.00482554501904219,0.177829099307159,76,0.141922095350455,0.11420215893304,-3.25938697115891,1.67130323839956
-0.00610838169871038,0.163934426229508,76,0.141922095350455,0.11420215893304,-3.25938697115891,1.67130323839956
-0.00577054257556639,0.218274111675127,76,0.141922095350455,0.11420215893304,-3.25938697115891,1.67130323839956
0.0368821210223248,0.551282051282051,77,0.782571700213011,0.77333520805696,-1.72182791948877,2.66000281208544
0.0315103690393036,0.54238683127572,77,0.782571700213011,0.77333520805696,-1.72182791948877,2.66000281208544
0.0348071344769872,0.521412471825695,77,0.782571700213011,0.77333520805696,-1.72182791948877,2.66000281208544
0.0340030970505645,0.499227202472952,77,0.782571700213011,0.77333520805696,-1.72182791948877,2.66000281208544
0.0372632567411026,0.530382595648912,77,0.782571700213011,0.77333520805696,-1.72182791948877,2.66000281208544
0.000546997001916713,0.323293172690763,78,0.191812318228185,0.478648075503297,-3.13965043625236,2.21797211325495
-0.000401608584863213,0.377016129032258,78,0.191812318228185,0.478648075503297,-3.13965043625236,2.21797211325495
-0.001626159585278,0.242798353909465,78,0.191812318228185,0.478648075503297,-3.13965043625236,2.21797211325495
0.000744430624687528,0.282846715328467,78,0.191812318228185,0.478648075503297,-3.13965043625236,2.21797211325495
-0.000857307941748526,0.254473161033797,78,0.191812318228185,0.478648075503297,-3.13965043625236,2.21797211325495
0.0358187653339576,0.433807030665669,79,0.944773137096781,0.241771945357323,-1.33254447096772,1.86265791803598
0.0332373853019124,0.391138273491215,79,0.944773137096781,0.241771945357323,-1.33254447096772,1.86265791803598
0.0342809457069577,0.409861325115562,79,0.944773137096781,0.241771945357323,-1.33254447096772,1.86265791803598
0.0369538056224172,0.417385057471264,79,0.944773137096781,0.241771945357323,-1.33254447096772,1.86265791803598
0.0400776527201866,0.419376244193762,79,0.944773137096781,0.241771945357323,-1.33254447096772,1.86265791803598
0.0139950942566409,0.434316353887399,80,0.427707370428834,0.864933187286369,-2.5735023109708,2.79739978092955
0.0139572870714747,0.429718875502008,80,0.427707370428834,0.864933187286369,-2.5735023109708,2.79739978092955
0.014745295877055,0.440100882723834,80,0.427707370428834,0.864933187286369,-2.5735023109708,2.79739978092955
0.0143340786059099,0.451612903225806,80,0.427707370428834,0.864933187286369,-2.5735023109708,2.79739978092955
0.0162127526341311,0.4875,80,0.427707370428834,0.864933187286369,-2.5735023109708,2.79739978092955
0.0140706229719093,0.401869158878505,81,0.450277871224098,0.63429713366786,-2.51933310906217,2.45144570050179
0.0135395102390781,0.388440860215054,81,0.450277871224098,0.63429713366786,-2.51933310906217,2.45144570050179
0.0130412309140949,0.401076716016151,81,0.450277871224098,0.63429713366786,-2.51933310906217,2.45144570050179
0.0119901996103658,0.417333333333333,81,0.450277871224098,0.63429713366786,-2.51933310906217,2.45144570050179
0.0141460377675035,0.397834912043302,81,0.450277871224098,0.63429713366786,-2.51933310906217,2.45144570050179
0.0117931161860992,0.482517482517482,82,0.365273107769899,0.995642638429999,-2.72334454135224,2.993463957645
0.0123430038965763,0.429362880886427,82,0.365273107769899,0.995642638429999,-2.72334454135224,2.993463957645
0.0141083445881835,0.54144385026738,82,0.365273107769899,0.995642638429999,-2.72334454135224,2.993463957645
0.0144090973746716,0.516348773841962,82,0.365273107769899,0.995642638429999,-2.72334454135224,2.993463957645
0.0119901996103658,0.477633477633478,82,0.365273107769899,0.995642638429999,-2.72334454135224,2.993463957645
