"xdesign1","xdesign2","xdesign3","xdesign4","xdesign5","xdesign6","xdesign7","xdesign8","xdesign9","xdesign10","xdesign11","xdesign12","xdesign13","xdesign14","xdesign15","ssd.c"
0.14355,0.94075,0.73605,0.40045,0.86005,0.22215,0.49305,0.06005,0.52485,0.86185,0.19615,0.47375,0.02905,0.99245,0.30795,10.0839566931407
0.03075,0.89615,0.56025,0.42885,0.78155,0.25435,0.57925,0.07985,0.68065,0.81785,0.25975,0.29585,0.09025,0.56835,0.62325,10.7009226692909
0.13035,0.94465,0.50225,0.44595,0.22685,0.61775,0.66575,0.20455,0.96935,0.54775,0.38125,0.29045,0.04815,0.74265,0.63975,11.1644509460188
0.12465,0.96165,0.37145,0.85255,0.89905,0.15675,0.19385,0.14205,0.89355,0.69325,0.04415,0.51235,0.06215,0.00925,0.15635,11.495667372373
0.25565,0.88355,0.60955,0.83875,0.45295,0.38035,0.68755,0.00635,0.23025,0.57935,0.34655,0.35475,0.16035,0.98725,0.30825,11.5571479419513
0.49315,0.98095,0.17105,0.74865,0.70755,0.17325,0.75035,0.04365,0.78495,0.75975,0.33245,0.71265,0.19675,0.16885,0.25685,11.6310193404148
0.04595,0.84895,0.60045,0.84475,0.47765,0.00945,0.69445,0.14395,0.64275,0.39025,0.22525,0.36015,0.02125,0.27635,0.80375,11.6548498772387
0.24295,0.84515,0.71595,0.10955,0.57495,0.16765,0.68545,0.41005,0.86575,0.86655,0.28665,0.67885,0.00235,0.89245,0.53215,11.9141638252771
0.05145,0.81375,0.41845,0.65905,0.93985,0.09315,0.00135,0.04115,0.20425,0.92205,0.76265,0.36145,0.11625,0.77445,0.61775,11.9163793541093
0.30245,0.99035,0.48395,0.34195,0.93395,0.01225,0.70105,0.38265,0.26095,0.52465,0.85665,0.59745,0.05385,0.40505,0.14055,12.3591825408121
0.31355,0.92255,0.66305,0.32565,0.47405,0.48935,0.61945,0.04295,0.39575,0.89185,0.35345,0.36305,0.38185,0.26885,0.58815,12.4388722847975
0.05125,0.94605,0.25115,0.61525,0.96105,0.09565,0.07565,0.24235,0.38015,0.93905,0.91335,0.45125,0.09165,0.62245,0.47585,12.4411804009169
0.19575,0.89265,0.15115,0.50725,0.18865,0.51815,0.06465,0.06415,0.93285,0.83875,0.69245,0.11285,0.18575,0.98455,0.58645,12.5613135200746
0.03025,0.72955,0.52615,0.35105,0.22175,0.11285,0.99535,0.46285,0.25635,0.88195,0.25835,0.17025,0.30635,0.97395,0.69085,12.5845955772224
0.06035,0.95295,0.35275,0.40785,0.28155,0.11275,0.71465,0.69125,0.54285,0.68355,0.64385,0.16705,0.00215,0.68435,0.24295,12.6336314329403
0.18205,0.89085,0.77125,0.62395,0.43925,0.38775,0.03755,0.01365,0.76725,0.64425,0.15735,0.05775,0.14785,0.76675,0.69145,12.7220299835058
0.37295,0.90085,0.46495,0.77555,0.98025,0.05695,0.04195,0.18845,0.63975,0.47275,0.73645,0.36365,0.05575,0.86745,0.35005,12.7925475738938
0.31685,0.93025,0.63685,0.54775,0.89815,0.51455,0.92945,0.16735,0.20015,0.95535,0.63035,0.84245,0.12945,0.89785,0.13295,12.8204018586225
0.05585,0.93385,0.38665,0.64725,0.98785,0.58325,0.33245,0.10105,0.53425,0.49185,0.25515,0.15565,0.20255,0.57255,0.69365,12.8485242246457
0.49815,0.94565,0.30425,0.64425,0.51865,0.36075,0.95115,0.27905,0.86775,0.61655,0.22565,0.42775,0.22995,0.94905,0.10275,12.8530252653331
0.00695,0.84685,0.31995,0.58925,0.96475,0.39935,0.95355,0.14255,0.33635,0.02785,0.37465,0.36905,0.06995,0.43605,0.92075,12.9066408820898
0.15345,0.93315,0.70285,0.32575,0.45735,0.40485,0.85175,0.22175,0.54535,0.91735,0.06185,0.16805,0.41455,0.69675,0.25765,12.9211787371754
0.04645,0.80285,0.91055,0.74335,0.44095,0.53455,0.72945,0.08925,0.18305,0.53375,0.07095,0.55445,0.19085,0.49205,0.16805,12.9270361973042
0.03625,0.92035,0.00845,0.52285,0.58575,0.66615,0.68705,0.17545,0.79735,0.61665,0.83785,0.59075,0.10305,0.40265,0.34765,12.9785030215438
0.14105,0.95525,0.96155,0.32615,0.02195,0.87795,0.32545,0.21755,0.97845,0.27815,0.16485,0.08185,0.00335,0.51035,0.55475,13.1125712777506
0.05055,0.82565,0.56425,0.09125,0.35615,0.67315,0.16575,0.07795,0.66675,0.91805,0.70075,0.03245,0.10735,0.45225,0.64405,13.1279989730897
0.57195,0.93075,0.39295,0.79605,0.83295,0.09975,0.30965,0.06815,0.41905,0.79035,0.70815,0.51195,0.18765,0.45015,0.50375,13.1408681681495
0.20755,0.71745,0.46295,0.71305,0.09475,0.04225,0.76535,0.46625,0.91425,0.51505,0.60195,0.44815,0.11435,0.57655,0.17955,13.2048899526247
0.31785,0.95915,0.27585,0.91135,0.36785,0.42415,0.97745,0.45755,0.42405,0.59565,0.38915,0.78095,0.05995,0.23605,0.81055,13.2643114021229
0.32335,0.97675,0.63305,0.07245,0.72445,0.32005,0.83595,0.26565,0.84765,0.92885,0.71665,0.84595,0.24655,0.30005,0.96275,13.282383024001
0.01435,0.83065,0.56285,0.57835,0.82445,0.31975,0.63975,0.26615,0.60345,0.18245,0.07625,0.32845,0.26035,0.96915,0.05705,13.2863000024413
0.68125,0.95945,0.11455,0.91365,0.46465,0.03095,0.72175,0.51015,0.63175,0.67155,0.05805,0.28955,0.09425,0.09555,0.31195,13.2979956718857
0.03055,0.71285,0.58225,0.31505,0.86515,0.15475,0.59195,0.09645,0.67985,0.46535,0.44845,0.22875,0.23275,0.38645,0.66365,13.3667258251492
0.26495,0.80305,0.19985,0.29495,0.75125,0.07285,0.72835,0.37155,0.33705,0.64275,0.19855,0.07975,0.29445,0.57915,0.30105,13.3796300555235
0.34815,0.95025,0.93515,0.22665,0.39155,0.53355,0.69725,0.31455,0.17195,0.71015,0.27925,0.68455,0.16615,0.89225,0.10505,13.3948941676397
0.55755,0.92855,0.63045,0.38785,0.04955,0.62045,0.71715,0.25855,0.37525,0.61725,0.97305,0.17975,0.12185,0.50775,0.15065,13.4034919757929
0.43845,0.85325,0.49035,0.54105,0.26705,0.00675,0.54425,0.55925,0.90305,0.30275,0.10815,0.42975,0.14095,0.45295,0.67515,13.4153199601854
0.36875,0.91755,0.94885,0.43055,0.36415,0.33815,0.50325,0.30255,0.61055,0.45235,0.83705,0.71545,0.02585,0.11485,0.37505,13.4256577821005
0.51365,0.89385,0.06925,0.77135,0.44185,0.13975,0.87145,0.43135,0.22485,0.78635,0.51635,0.20105,0.51115,0.90705,0.54525,13.4517658231518
0.03605,0.93105,0.59785,0.87045,0.90785,0.10955,0.38845,0.15535,0.56595,0.40555,0.24045,0.84985,0.18225,0.11715,0.78395,13.4685396249947
0.00485,0.63415,0.48625,0.49595,0.79465,0.51975,0.82415,0.05465,0.07585,0.71415,0.05925,0.42685,0.15315,0.51575,0.15055,13.4743938309597
0.37465,0.90635,0.41465,0.36945,0.77145,0.01855,0.29255,0.35725,0.56425,0.85575,0.27915,0.37415,0.07715,0.31325,0.66785,13.5249804293212
0.08395,0.64775,0.78005,0.87745,0.11455,0.28645,0.67935,0.07955,0.34195,0.56565,0.52615,0.28405,0.08255,0.66325,0.71055,13.5847069727248
0.17285,0.88765,0.26965,0.19995,0.30865,0.04205,0.73045,0.56635,0.94965,0.80125,0.24235,0.15475,0.48585,0.85945,0.22955,13.6520634987015
0.12625,0.93015,0.27635,0.93095,0.15505,0.07785,0.27455,0.49545,0.54115,0.99415,0.61525,0.67285,0.36305,0.67105,0.09515,13.6558987525031
0.29475,0.78985,0.09785,0.81735,0.41545,0.76225,0.77545,0.10875,0.52925,0.62545,0.62175,0.00595,0.23495,0.10845,0.56215,13.6691399359621
0.09115,0.86775,0.64435,0.98825,0.69755,0.63995,0.79795,0.10025,0.56755,0.27355,0.01515,0.62265,0.02185,0.36275,0.86685,13.6717514618769
0.23705,0.85595,0.72445,0.18805,0.47255,0.95005,0.78205,0.24175,0.87745,0.05425,0.54985,0.41565,0.02395,0.88815,0.60535,13.6919867878836
0.10555,0.73335,0.58045,0.76585,0.20385,0.72595,0.93405,0.31785,0.15605,0.41515,0.98645,0.33845,0.03175,0.32985,0.55635,13.7248891712026
0.28135,0.96475,0.58915,0.08135,0.48195,0.76005,0.80515,0.39255,0.84285,0.62205,0.04885,0.65505,0.08665,0.07435,0.44495,13.7317424130523
0.11175,0.77765,0.95605,0.26635,0.89135,0.72795,0.53445,0.09445,0.23625,0.69815,0.54585,0.43715,0.12655,0.93745,0.25805,13.7413194894622
0.00045,0.69045,0.09525,0.46605,0.86065,0.18955,0.91795,0.40485,0.70765,0.82665,0.36835,0.35065,0.25425,0.97035,0.16695,13.7732878450679
0.37125,0.98975,0.70815,0.12545,0.73885,0.33335,0.39575,0.02215,0.92245,0.65265,0.79565,0.71505,0.31455,0.44295,0.53595,13.8064640946401
0.32985,0.84425,0.26135,0.99365,0.39745,0.65275,0.85745,0.07335,0.66525,0.97945,0.65355,0.61725,0.18355,0.46275,0.51855,13.8086726906133
0.45455,0.77375,0.07805,0.81285,0.46305,0.79765,0.56005,0.07685,0.76225,0.50635,0.60385,0.55575,0.12915,0.83405,0.72395,13.9113914648041
0.15375,0.83795,0.45215,0.99315,0.09345,0.25465,0.47635,0.22605,0.34705,0.35985,0.28795,0.38545,0.07075,0.38365,0.14405,13.9538698542231
0.35865,0.95845,0.62315,0.40825,0.36285,0.74165,0.67095,0.32475,0.31725,0.79525,0.14525,0.34145,0.43995,0.63325,0.06225,13.9713477837981
0.39655,0.87835,0.14315,0.19955,0.45025,0.35405,0.60865,0.22585,0.95745,0.42265,0.40075,0.03715,0.42735,0.99415,0.00195,13.9852260746214
0.54495,0.92715,0.75385,0.42685,0.39595,0.40235,0.68095,0.24685,0.51495,0.67425,0.39025,0.73745,0.26705,0.48595,0.77245,13.9877352942675
0.24505,0.71305,0.79065,0.27485,0.33445,0.33895,0.38395,0.10265,0.70185,0.55315,0.55745,0.37865,0.18855,0.72395,0.02935,14.0060726123855
0.37605,0.77635,0.31365,0.51485,0.68935,0.17135,0.51915,0.28575,0.24035,0.32925,0.63475,0.08025,0.12255,0.82775,0.44145,14.0212715510505
0.10975,0.95165,0.55645,0.61555,0.21835,0.94615,0.94195,0.04385,0.47935,0.26835,0.28355,0.27925,0.35545,0.11795,0.66295,14.0274255537966
0.32945,0.65395,0.37485,0.71475,0.14825,0.44195,0.80455,0.38995,0.36115,0.76205,0.81785,0.12365,0.21485,0.96445,0.02355,14.0461315736331
0.14945,0.83765,0.47535,0.74025,0.03945,0.61845,0.71755,0.42415,0.73705,0.28145,0.20805,0.39605,0.31715,0.97835,0.38435,14.0646012884188
0.17845,0.99125,0.89195,0.64965,0.22995,0.68965,0.74545,0.08665,0.76795,0.30785,0.85275,0.42075,0.05265,0.74935,0.52695,14.0798573488683
0.12955,0.97115,0.41505,0.23895,0.41335,0.33755,0.22335,0.02185,0.86705,0.90435,0.98405,0.65945,0.35945,0.84805,0.64835,14.1192920040373
0.34925,0.77055,0.47985,0.77605,0.64965,0.47415,0.80845,0.06035,0.75465,0.60975,0.26385,0.96865,0.24665,0.94105,0.28355,14.1200981745076
0.30115,0.85915,0.61125,0.01375,0.96175,0.17485,0.58135,0.16095,0.48565,0.76665,0.17725,0.77215,0.19925,0.35655,0.27785,14.1613686423287
0.25595,0.57165,0.60115,0.35285,0.88175,0.00605,0.14125,0.09765,0.90075,0.68095,0.11105,0.65715,0.06895,0.71465,0.45165,14.1677228927221
0.47215,0.81865,0.43755,0.67165,0.20275,0.00655,0.64765,0.75965,0.91675,0.16495,0.31485,0.62185,0.05925,0.72705,0.21005,14.2065096528918
0.21855,0.92315,0.52795,0.44165,0.73125,0.73565,0.89905,0.01635,0.12105,0.12165,0.56155,0.13085,0.39475,0.28885,0.47075,14.2253106472104
0.09395,0.85135,0.53805,0.79705,0.14865,0.55475,0.51475,0.11265,0.33455,0.56185,0.88645,0.23975,0.44585,0.58465,0.56345,14.2478766075604
0.31295,0.90645,0.31315,0.38525,0.46705,0.67415,0.76235,0.36055,0.61885,0.31915,0.89475,0.28665,0.31255,0.99945,0.60575,14.2686467827817
0.18805,0.89125,0.13495,0.50025,0.26115,0.05605,0.89005,0.37315,0.93685,0.34305,0.67915,0.44915,0.21405,0.06715,0.17305,14.2703580576982
0.03105,0.90315,0.56245,0.85235,0.00065,0.67165,0.54295,0.40985,0.86865,0.96375,0.31275,0.64645,0.02155,0.14025,0.01315,14.3001861935791
0.21795,0.90995,0.15965,0.41105,0.26905,0.52165,0.53645,0.31065,0.28565,0.84645,0.34095,0.03895,0.14355,0.94305,0.02805,14.3173538062151
0.21445,0.93435,0.71215,0.91035,0.45145,0.28755,0.12225,0.16715,0.91475,0.14985,0.77915,0.58565,0.20025,0.79875,0.37795,14.3280233256498
0.47735,0.86625,0.01425,0.16775,0.99955,0.48645,0.92355,0.07305,0.61695,0.90315,0.88535,0.26635,0.40125,0.73855,0.94135,14.330362816518
0.46275,0.78805,0.63495,0.03515,0.78335,0.19775,0.84165,0.14545,0.55655,0.73085,0.16075,0.59025,0.44795,0.93525,0.54425,14.3608891438756
0.09095,0.63125,0.58145,0.70465,0.76855,0.88475,0.88405,0.01995,0.07615,0.24305,0.28145,0.50205,0.11055,0.75775,0.20475,14.3630010022303
0.13355,0.47165,0.31645,0.74765,0.65545,0.05145,0.70435,0.24675,0.49125,0.83135,0.12255,0.56725,0.25475,0.50565,0.17635,14.3679872583114
0.23535,0.83335,0.75985,0.47585,0.60125,0.01915,0.88415,0.61475,0.16695,0.62185,0.57135,0.76225,0.24625,0.74625,0.28105,14.3696391149552
0.27445,0.94185,0.26685,0.86675,0.00695,0.22015,0.11245,0.51795,0.80285,0.77035,0.25555,0.59475,0.08675,0.69385,0.16425,14.4418231654861
0.43905,0.64275,0.46995,0.63445,0.40475,0.25875,0.56105,0.22285,0.91895,0.80655,0.75225,0.83625,0.04675,0.11405,0.44595,14.4676732153538
0.41755,0.81995,0.52485,0.28075,0.80235,0.05245,0.59105,0.35835,0.37065,0.87495,0.23025,0.05165,0.11205,0.77525,0.25435,14.4881727363691
0.34305,0.72985,0.32355,0.74525,0.87955,0.60885,0.80675,0.14175,0.30315,0.61905,0.86925,0.86115,0.04065,0.93395,0.93625,14.4942107813811
0.58555,0.99715,0.54815,0.08925,0.79315,0.12815,0.71765,0.20175,0.12695,0.58595,0.04585,0.00185,0.30905,0.84505,0.83515,14.5018090776032
0.33175,0.87305,0.41645,0.52255,0.61405,0.27315,0.54415,0.01165,0.69225,0.83325,0.53815,0.73675,0.49665,0.60865,0.89555,14.5098567959103
0.02545,0.85175,0.01705,0.57815,0.60655,0.84065,0.83715,0.21575,0.74975,0.93615,0.65265,0.51005,0.41045,0.44765,0.69355,14.5466520946462
0.13885,0.72965,0.49405,0.95115,0.45285,0.68275,0.76425,0.30875,0.33515,0.50165,0.30905,0.42705,0.19435,0.25405,0.70525,14.5748190625696
0.05155,0.93335,0.22445,0.88165,0.07815,0.58885,0.45065,0.00395,0.16285,0.99525,0.77685,0.12035,0.78625,0.12595,0.19175,14.5900113056927
0.56345,0.85415,0.34835,0.95125,0.01195,0.04845,0.75695,0.56915,0.83705,0.81155,0.35425,0.93935,0.48435,0.92265,0.89765,14.5978742258218
0.09745,0.93775,0.87125,0.01515,0.53275,0.87015,0.70835,0.28535,0.68925,0.81795,0.86465,0.69245,0.04545,0.19505,0.58455,14.6060966986542
0.59565,0.98085,0.31095,0.84595,0.94705,0.83085,0.69905,0.04585,0.07755,0.20075,0.31065,0.06715,0.13395,0.65295,0.70145,14.608367950628
0.30345,0.87935,0.00445,0.88225,0.74175,0.71125,0.97345,0.00035,0.74405,0.12205,0.32915,0.13305,0.37115,0.72885,0.09745,14.6400768610775
0.15305,0.98635,0.40345,0.53685,0.95535,0.17595,0.99305,0.17775,0.26165,0.85715,0.64285,0.04285,0.49725,0.19625,0.55045,14.6652762210706
0.39045,0.84445,0.54075,0.64805,0.63785,0.61205,0.69395,0.04185,0.55025,0.85585,0.32095,0.38605,0.27615,0.05335,0.81215,14.6773877373218
0.01335,0.52055,0.11705,0.85935,0.24925,0.43805,0.46325,0.34605,0.48975,0.71815,0.89565,0.21025,0.13485,0.73805,0.69125,14.6884686151124
0.04715,0.96585,0.37465,0.99085,0.98165,0.36695,0.17155,0.29795,0.05375,0.97925,0.19705,0.56025,0.14535,0.39085,0.53635,14.7016067099758
0.02875,0.89595,0.24435,0.50285,0.35295,0.41855,0.87105,0.11935,0.95535,0.55645,0.08265,0.32785,0.63735,0.75135,0.56455,14.7032159915723
0.24155,0.75025,0.97045,0.69235,0.56795,0.33325,0.35425,0.08615,0.11585,0.03935,0.68015,0.22845,0.17435,0.69315,0.58025,14.706426197795
0.19835,0.56225,0.05865,0.62725,0.88545,0.39825,0.78465,0.11045,0.76215,0.40635,0.21545,0.04185,0.16655,0.07195,0.16965,14.7068894140286
0.46365,0.59595,0.03195,0.75745,0.54845,0.34755,0.69995,0.05515,0.51875,0.96035,0.83915,0.08195,0.11365,0.83105,0.47395,14.7498879049578
0.30735,0.82455,0.11615,0.11105,0.56235,0.09325,0.91215,0.27675,0.68585,0.77475,0.57835,0.48375,0.34545,0.05805,0.24535,14.7614716430163
0.33585,0.67745,0.34275,0.15405,0.52725,0.54105,0.46315,0.11975,0.70285,0.95575,0.66985,0.48615,0.17395,0.66285,0.19485,14.7646662896777
0.62945,0.85295,0.92355,0.90805,0.18115,0.11865,0.16395,0.15255,0.55115,0.99015,0.10025,0.41975,0.08065,0.44845,0.15755,14.7910803258878
0.07165,0.95755,0.42735,0.13675,0.42215,0.16795,0.96205,0.35235,0.83445,0.48455,0.87115,0.65025,0.21305,0.16045,0.01705,14.7917431322517
0.67855,0.86095,0.68385,0.67275,0.14385,0.07325,0.55255,0.49725,0.90965,0.23075,0.20175,0.52955,0.26505,0.64965,0.23845,14.7965133503247
0.54765,0.61195,0.11595,0.99545,0.73745,0.03365,0.65385,0.24495,0.87115,0.68835,0.28215,0.90055,0.19135,0.40175,0.41045,14.8140336106415
0.63715,0.73965,0.54625,0.71865,0.31405,0.16385,0.81695,0.22335,0.35605,0.81705,0.26595,0.58685,0.21825,0.51665,0.42095,14.8161687944615
0.20685,0.65295,0.82585,0.26825,0.21215,0.19865,0.28605,0.17765,0.84035,0.76885,0.75315,0.63425,0.15165,0.68245,0.66005,14.8209123325502
0.24035,0.75515,0.00625,0.61025,0.62585,0.61385,0.92865,0.53275,0.37345,0.29815,0.21035,0.15845,0.01915,0.33765,0.32775,14.8310722106853
0.55185,0.88945,0.91355,0.63475,0.02795,0.49665,0.54665,0.24055,0.49955,0.85705,0.48505,0.96595,0.28735,0.66435,0.66315,14.8524657875571
0.82975,0.80215,0.51865,0.37325,0.19325,0.19835,0.89145,0.39725,0.97215,0.89575,0.26525,0.63315,0.06155,0.37575,0.23225,14.8924786344068
0.17625,0.92895,0.04405,0.87675,0.75695,0.12865,0.63005,0.31245,0.17075,0.95905,0.11245,0.79965,0.11565,0.95675,0.98905,14.8966353692064
0.80535,0.87625,0.28365,0.25845,0.57415,0.31415,0.87685,0.20375,0.68345,0.92185,0.42505,0.78315,0.07365,0.65145,0.08465,14.8967808752143
0.15675,0.99215,0.92065,0.50565,0.42805,0.34655,0.00815,0.16815,0.99285,0.13895,0.93515,0.79395,0.09285,0.52325,0.08275,14.9050553367286
0.14025,0.54135,0.92515,0.81275,0.01775,0.41425,0.80655,0.44635,0.16435,0.14535,0.59015,0.06325,0.00775,0.28915,0.74995,14.9120046568262
0.22285,0.72655,0.45745,0.86895,0.80265,0.16745,0.33375,0.08115,0.83005,0.34885,0.06915,0.13455,0.26765,0.89695,0.69655,14.9147158655667
0.26275,0.68075,0.85285,0.40315,0.80585,0.34885,0.53985,0.25295,0.24145,0.86445,0.60805,0.66335,0.14285,0.37585,0.72175,14.9165333981219
0.18575,0.63935,0.46085,0.24335,0.52305,0.29145,0.68725,0.28915,0.85895,0.82935,0.67985,0.62245,0.34715,0.78125,0.42795,14.9529845674484
0.58645,0.95255,0.52735,0.73095,0.03455,0.13505,0.70255,0.19675,0.06685,0.98675,0.87855,0.01675,0.51675,0.13495,0.61905,14.9546333947795
0.44855,0.90785,0.38485,0.65125,0.45435,0.22065,0.79775,0.44625,0.43165,0.95245,0.94655,0.56785,0.46175,0.56695,0.52785,14.9663002847287
0.04225,0.70785,0.80385,0.15935,0.70685,0.76725,0.46805,0.12845,0.47965,0.59495,0.07565,0.63955,0.04565,0.08985,0.34095,14.9920648257246
0.29645,0.82805,0.20725,0.65745,0.94325,0.73105,0.46335,0.09975,0.70085,0.92805,0.58985,0.95685,0.28245,0.48165,0.21915,15.0266820529448
0.03555,0.83235,0.55855,0.68985,0.93875,0.82645,0.46845,0.01535,0.58975,0.38985,0.18225,0.39205,0.29585,0.37735,0.57295,15.02813594521
0.54165,0.92865,0.65475,0.90315,0.09205,0.20125,0.13325,0.00775,0.84505,0.58675,0.46715,0.65305,0.32965,0.24165,0.14495,15.0373974410053
0.57325,0.77295,0.15305,0.53725,0.65165,0.95085,0.98675,0.11655,0.49675,0.86085,0.21565,0.55975,0.04385,0.26035,0.46495,15.043726327343
0.42955,0.73865,0.73195,0.83935,0.33155,0.36605,0.22155,0.34035,0.89405,0.64165,0.50245,0.75945,0.09675,0.64345,0.43595,15.0448986776906
0.63175,0.99665,0.12345,0.15065,0.97005,0.78805,0.76055,0.05335,0.95045,0.14075,0.60405,0.24295,0.20945,0.00705,0.12945,15.0483614044872
0.62105,0.83345,0.83245,0.42985,0.99775,0.01065,0.81275,0.28225,0.29085,0.56765,0.29055,0.70695,0.33045,0.92975,0.66515,15.0542743202844
0.75105,0.96975,0.89415,0.14305,0.18485,0.37065,0.58795,0.08565,0.94485,0.93195,0.11145,0.36705,0.22445,0.70975,0.16995,15.0690298200424
0.49605,0.81075,0.10465,0.91015,0.93455,0.34585,0.16615,0.17515,0.47285,0.26515,0.32505,0.30105,0.15135,0.63815,0.55625,15.0894689069546
0.63855,0.65825,0.02905,0.97685,0.73925,0.13105,0.70205,0.36035,0.81965,0.68035,0.50205,0.66965,0.03385,0.31925,0.28155,15.1063559957069
0.11435,0.74755,0.17285,0.14585,0.99705,0.87865,0.90405,0.18235,0.70645,0.09145,0.89705,0.08265,0.04435,0.05245,0.99795,15.1281796211842
0.49175,0.99085,0.60245,0.75385,0.56735,0.89905,0.31115,0.09365,0.56035,0.41785,0.01235,0.70635,0.47245,0.97525,0.94165,15.1372809646702
0.20995,0.68775,0.50855,0.73275,0.67665,0.20945,0.80615,0.38625,0.04495,0.48155,0.76965,0.05685,0.37255,0.68455,0.30785,15.1481744149484
0.18445,0.83845,0.24915,0.97005,0.17715,0.59405,0.24185,0.44005,0.69785,0.58465,0.37685,0.71045,0.11475,0.83775,0.12205,15.1565774616912
0.21115,0.73195,0.72395,0.19195,0.68075,0.87295,0.66965,0.15825,0.27475,0.32555,0.79215,0.49125,0.07415,0.86755,0.85425,15.1611844406839
0.11845,0.95235,0.25105,0.56775,0.42725,0.01005,0.40685,0.51815,0.78475,0.66295,0.57505,0.12505,0.61565,0.74335,0.10165,15.2043369539886
0.35555,0.80755,0.92875,0.20465,0.91755,0.33915,0.77765,0.28875,0.17405,0.69825,0.45395,0.26015,0.11555,0.17725,0.29745,15.2110073542815
0.43695,0.82765,0.60535,0.32905,0.73115,0.15575,0.68425,0.06555,0.99455,0.62015,0.90275,0.67595,0.18565,0.16575,0.41295,15.2153034591349
0.32435,0.85795,0.88175,0.39475,0.29625,0.67715,0.85495,0.35305,0.31265,0.99695,0.38955,0.51415,0.46595,0.70125,0.29295,15.2723353636669
0.28735,0.94405,0.30625,0.89375,0.25935,0.10625,0.34305,0.36955,0.00825,0.58395,0.20815,0.06155,0.62605,0.56615,0.29635,15.2739814150595
0.34445,0.91955,0.21575,0.14365,0.73385,0.69895,0.86105,0.30025,0.44255,0.07695,0.31135,0.24915,0.14405,0.51025,0.71925,15.2839863575765
0.17875,0.75475,0.36405,0.66775,0.68295,0.75115,0.03285,0.05375,0.52085,0.65235,0.38395,0.13595,0.27705,0.36545,0.25585,15.2927731002603
0.30215,0.96785,0.70855,0.93295,0.49535,0.53645,0.04145,0.05605,0.29575,0.91615,0.20525,0.83645,0.62655,0.06135,0.24705,15.3102398429067
0.90865,0.99635,0.04785,0.99775,0.62145,0.05745,0.92445,0.39935,0.19105,0.04535,0.85195,0.05715,0.01285,0.14975,0.48965,15.3180607696419
0.17215,0.97305,0.52855,0.64625,0.16535,0.63255,0.10125,0.23865,0.72475,0.82065,0.60465,0.01425,0.49145,0.64245,0.30145,15.32677690899
0.23935,0.50895,0.46525,0.87815,0.14745,0.27835,0.98615,0.54935,0.48155,0.85875,0.08285,0.53705,0.26775,0.68715,0.99045,15.3376458117237
0.11955,0.64875,0.36975,0.42325,0.48095,0.36735,0.28865,0.42135,0.97425,0.95705,0.67315,0.63625,0.05235,0.60505,0.10925,15.3393229555812
0.31805,0.70575,0.92185,0.35135,0.20195,0.03705,0.84555,0.49715,0.13765,0.66135,0.93215,0.65885,0.09375,0.24905,0.53135,15.3418218612575
0.10395,0.99095,0.91805,0.64065,0.03175,0.32455,0.45605,0.34905,0.19785,0.60605,0.88885,0.76935,0.35595,0.97405,0.20295,15.3466494072317
0.30125,0.88115,0.49275,0.37435,0.01795,0.54845,0.51355,0.44865,0.34345,0.89045,0.62195,0.05035,0.44605,0.45955,0.58635,15.3557977337211
0.30615,0.73705,0.53365,0.03245,0.40615,0.21285,0.89985,0.22625,0.55395,0.59615,0.10125,0.21805,0.42875,0.50285,0.98875,15.3564023453532
0.41435,0.91315,0.05765,0.93395,0.22595,0.09355,0.46135,0.25705,0.74195,0.86245,0.51255,0.84155,0.42995,0.15325,0.34315,15.3906290287501
0.07965,0.86885,0.48035,0.95545,0.60315,0.28775,0.61495,0.12205,0.96755,0.74965,0.11975,0.85325,0.42935,0.39125,0.63825,15.4023199146835
0.11115,0.92575,0.45965,0.14855,0.94275,0.49185,0.30045,0.33215,0.91665,0.97405,0.45275,0.88405,0.08775,0.47875,0.02075,15.4056349212607
0.19535,0.70985,0.20105,0.70515,0.95475,0.23965,0.33065,0.28175,0.33035,0.61695,0.24945,0.40705,0.33295,0.35205,0.25325,15.4088566316137
0.08305,0.75355,0.26895,0.63415,0.69635,0.87105,0.19095,0.00455,0.46785,0.12985,0.34845,0.01225,0.35755,0.80865,0.21475,15.4106939721227
0.02365,0.98855,0.11765,0.77475,0.08225,0.72165,0.32835,0.39805,0.60305,0.40645,0.80275,0.03725,0.46775,0.58705,0.72675,15.4364964655842
0.17235,0.57605,0.48305,0.28935,0.76465,0.88905,0.51315,0.03525,0.71005,0.13005,0.01465,0.27355,0.03405,0.26595,0.79415,15.4664063341939
0.02195,0.74925,0.67655,0.78115,0.68345,0.23565,0.74555,0.31275,0.48325,0.71755,0.07445,0.53345,0.34515,0.01355,0.34905,15.4767012882707
0.44325,0.92275,0.77685,0.75915,0.47315,0.77245,0.71515,0.13955,0.44955,0.77575,0.34375,0.69875,0.33525,0.28535,0.62515,15.5294017262831
0.22555,0.67815,0.60035,0.34275,0.87745,0.02765,0.30685,0.16785,0.76645,0.48215,0.98075,0.07175,0.16775,0.99585,0.76815,15.5334514914928
0.02475,0.74545,0.61505,0.37875,0.11945,0.92325,0.25015,0.22235,0.61075,0.47955,0.09955,0.09975,0.12395,0.73845,0.55935,15.5457364684743
0.18195,0.82795,0.22125,0.25005,0.56075,0.75625,0.64605,0.28945,0.33945,0.89475,0.64085,0.25895,0.30575,0.13705,0.85745,15.569021867822
0.24735,0.97405,0.49865,0.30915,0.27645,0.02345,0.49145,0.56205,0.73035,0.98435,0.67095,0.95085,0.22815,0.43835,0.62755,15.5948830849012
0.04875,0.69815,0.64645,0.12225,0.21845,0.45605,0.97315,0.25615,0.06195,0.84635,0.46035,0.26115,0.38615,0.45505,0.95335,15.6067210486417
0.22955,0.47395,0.99785,0.94965,0.29265,0.40875,0.45445,0.14925,0.10935,0.56755,0.42685,0.60125,0.13945,0.80055,0.75775,15.6085202317019
0.16395,0.93745,0.56915,0.56355,0.15685,0.08055,0.87915,0.74865,0.35945,0.70565,0.26155,0.23355,0.67245,0.32285,0.03175,15.618251430769
0.45445,0.55005,0.31085,0.66765,0.27965,0.73655,0.80415,0.10225,0.34415,0.97845,0.32355,0.42165,0.04795,0.61185,0.08885,15.6240358448414
0.23855,0.74045,0.59085,0.79885,0.85695,0.18785,0.65045,0.45275,0.03575,0.50305,0.68725,0.19235,0.23795,0.97195,0.97435,15.6352375657859
0.08605,0.84815,0.31705,0.71575,0.15495,0.47135,0.43575,0.19505,0.31255,0.96225,0.28045,0.36495,0.71825,0.30345,0.55795,15.6548598611645
0.40495,0.45705,0.85635,0.64575,0.74215,0.13925,0.56615,0.08325,0.37465,0.71495,0.05455,0.53525,0.09635,0.73705,0.26445,15.6604920413651
0.02705,0.67275,0.54705,0.03705,0.72365,0.64525,0.65085,0.31895,0.32515,0.68205,0.34805,0.20065,0.30585,0.99185,0.16205,15.663269289747
0.51615,0.97445,0.64185,0.15355,0.87415,0.04125,0.74275,0.41395,0.08325,0.80315,0.26215,0.34685,0.72685,0.91895,0.28205,15.6671353200418
0.35925,0.84195,0.77955,0.48575,0.73055,0.67645,0.27225,0.17855,0.82665,0.01005,0.15475,0.85555,0.09275,0.48935,0.63265,15.6911215721145
0.32025,0.89425,0.99995,0.22535,0.16105,0.71815,0.64085,0.30645,0.43495,0.65255,0.60235,0.72245,0.49595,0.82865,0.10995,15.6954292177328
0.22075,0.89715,0.41875,0.25225,0.91345,0.86115,0.55715,0.15695,0.80125,0.21465,0.02435,0.79175,0.31565,0.68375,0.26925,15.7249618438934
0.27385,0.76095,0.46165,0.97635,0.33455,0.77305,0.92375,0.41925,0.50655,0.22765,0.01495,0.26465,0.22205,0.41225,0.93275,15.7336896584498
0.30015,0.92785,0.90095,0.70255,0.51765,0.04055,0.63685,0.51375,0.09285,0.08965,0.46925,0.73015,0.09015,0.16915,0.88655,15.7496370097445
0.09045,0.97625,0.75715,0.34355,0.84935,0.98335,0.69475,0.03025,0.61595,0.96985,0.19575,0.43065,0.00825,0.28055,0.19685,15.7504628490168
0.42965,0.84625,0.24785,0.97695,0.02975,0.03165,0.80105,0.87545,0.06435,0.57895,0.27255,0.23555,0.02145,0.74345,0.76665,15.7815971570696
0.25205,0.50345,0.06915,0.05305,0.97015,0.11425,0.53705,0.03235,0.98795,0.56165,0.00975,0.25495,0.06795,0.42665,0.42695,15.7845519204167
0.63125,0.95575,0.42215,0.08395,0.84855,0.12065,0.72075,0.35175,0.81725,0.12425,0.72085,0.62445,0.06755,0.08165,0.71605,15.7868474897527
0.47435,0.45885,0.29605,0.96965,0.47955,0.02075,0.52025,0.31375,0.99415,0.44695,0.04815,0.98735,0.00715,0.57065,0.11475,15.7928843363924
0.13515,0.77855,0.16775,0.33135,0.11335,0.87835,0.91975,0.02915,0.99405,0.74155,0.66115,0.37855,0.52015,0.30965,0.06475,15.7940676614076
0.09875,0.54745,0.91705,0.80825,0.82345,0.18275,0.52795,0.25065,0.12635,0.64295,0.54215,0.87885,0.20675,0.62165,0.79195,15.7952683483622
0.55375,0.88075,0.60305,0.03415,0.52285,0.52705,0.85515,0.19795,0.59285,0.13435,0.27015,0.32045,0.25895,0.59645,0.89185,15.8111554093851
0.20785,0.84435,0.17145,0.11595,0.92135,0.14305,0.76175,0.09965,0.96475,0.91125,0.93985,0.42945,0.65135,0.77025,0.88835,15.8219012656951
0.10935,0.56695,0.23585,0.98695,0.36575,0.32705,0.60435,0.09225,0.57535,0.50405,0.49375,0.69595,0.13365,0.88655,0.07895,15.8753808705014
0.11635,0.37575,0.69415,0.54155,0.05515,0.17085,0.93665,0.27615,0.54265,0.94345,0.02705,0.17405,0.21935,0.39375,0.87285,15.8823399023385
0.29275,0.64145,0.66795,0.35225,0.02865,0.88275,0.95285,0.45045,0.76545,0.63875,0.92105,0.47035,0.03535,0.56495,0.04645,15.8845689963507
0.02295,0.55165,0.98455,0.02145,0.55755,0.26065,0.80925,0.29335,0.21075,0.87645,0.17455,0.12235,0.50205,0.70275,0.09225,15.9013195689855
0.02785,0.48285,0.74865,0.25035,0.78605,0.45815,0.84655,0.05175,0.42355,0.66125,0.81045,0.24355,0.15845,0.23935,0.06455,15.90382108837
0.76185,0.79995,0.13085,0.96465,0.96965,0.58665,0.88225,0.14145,0.21575,0.23195,0.01415,0.58625,0.12865,0.68185,0.27995,15.9093796136637
0.01395,0.70655,0.24355,0.29875,0.77135,0.97005,0.76985,0.12355,0.95635,0.78155,0.10195,0.51975,0.41505,0.58315,0.53045,15.9099638037017
0.40865,0.88095,0.95755,0.29825,0.63375,0.10305,0.71815,0.08775,0.84125,0.42755,0.57785,0.86795,0.27935,0.26575,0.43395,15.9295591003613
0.52165,0.57995,0.76045,0.78745,0.31155,0.25925,0.51055,0.28705,0.30565,0.35035,0.36895,0.12735,0.01185,0.91185,0.78365,15.9477205791113
0.46825,0.90145,0.94545,0.76305,0.71755,0.02675,0.04165,0.40775,0.13465,0.62985,0.28305,0.50115,0.16345,0.08945,0.64985,15.9494515936841
0.04485,0.71805,0.09385,0.80695,0.93755,0.15975,0.80895,0.33605,0.31625,0.96095,0.94945,0.22345,0.49045,0.90935,0.52455,15.9569687441732
0.10575,0.58715,0.43015,0.19265,0.72255,0.22185,0.49255,0.33025,0.36275,0.25575,0.53505,0.03965,0.00525,0.11675,0.15955,15.9671108098398
0.08905,0.66415,0.11355,0.97405,0.63825,0.35425,0.45145,0.39835,0.41355,0.97915,0.44995,0.47865,0.38565,0.16945,0.06925,15.985189737623
0.41915,0.65945,0.42785,0.91325,0.39545,0.51875,0.80035,0.12595,0.93715,0.02145,0.32925,0.84645,0.01015,0.82315,0.55435,15.9984037982889
0.43385,0.83495,0.67385,0.15975,0.13915,0.87825,0.66225,0.24315,0.62915,0.44245,0.38255,0.35625,0.41135,0.97265,0.72715,16.009916615533
0.41345,0.60145,0.87965,0.70085,0.57185,0.19285,0.88165,0.37495,0.66405,0.13865,0.11135,0.96445,0.00325,0.09885,0.10725,16.0261015109996
0.25775,0.93615,0.98755,0.46945,0.36015,0.55095,0.95065,0.12805,0.03975,0.40255,0.04495,0.05075,0.82975,0.82615,0.11845,16.0280460190403
0.46075,0.59465,0.43325,0.58255,0.47275,0.36085,0.98585,0.54055,0.22565,0.42875,0.74415,0.53895,0.01765,0.40675,0.36505,16.0283947950968
0.09845,0.92765,0.21435,0.67875,0.08335,0.78435,0.62435,0.19555,0.76385,0.61175,0.21365,0.29955,0.77505,0.27335,0.56135,16.0308356102359
0.09325,0.84455,0.39705,0.85975,0.67615,0.17145,0.80855,0.56425,0.36505,0.32965,0.94825,0.62325,0.20275,0.44425,0.58445,16.0379683833693
0.11035,0.61145,0.72435,0.68425,0.32515,0.72155,0.40185,0.18815,0.32395,0.66395,0.74755,0.80835,0.04455,0.45035,0.42495,16.0408688584151
0.39725,0.73835,0.43745,0.63965,0.04195,0.74525,0.08615,0.25095,0.88925,0.94665,0.45505,0.42385,0.10705,0.02745,0.97935,16.0630545099392
0.52465,0.93985,0.80745,0.72645,0.08475,0.26155,0.25785,0.43215,0.38585,0.87455,0.17855,0.10135,0.40165,0.47615,0.08495,16.0790933875083
0.07555,0.95555,0.22345,0.29665,0.80155,0.39775,0.97615,0.36695,0.42075,0.26355,0.61265,0.53865,0.29265,0.18165,0.72845,16.1078372420693
0.03255,0.61485,0.11075,0.79725,0.29275,0.93155,0.82645,0.14885,0.62215,0.72895,0.50575,0.39265,0.54645,0.79575,0.37195,16.1175128425671
0.16735,0.95355,0.93045,0.56285,0.34005,0.03345,0.69705,0.53105,0.55995,0.91375,0.27935,0.46475,0.54665,0.31235,0.55075,16.1233511594542
0.23755,0.99235,0.79405,0.64615,0.29725,0.83715,0.60355,0.49275,0.05175,0.31825,0.41615,0.35665,0.38805,0.29475,0.13615,16.140125215782
0.55125,0.94025,0.33035,0.49395,0.93945,0.37345,0.73345,0.34835,0.48455,0.17085,0.07085,0.71755,0.41675,0.67155,0.54945,16.1439397995671
0.31875,0.80295,0.78045,0.69825,0.03415,0.60985,0.92035,0.12505,0.68275,0.63155,0.61695,0.28465,0.23785,0.58245,0.12325,16.1440652810917
0.47715,0.98795,0.03755,0.18515,0.12905,0.91175,0.89585,0.35875,0.92115,0.31615,0.59165,0.02575,0.59745,0.41045,0.24795,16.1454471786447
0.12525,0.76775,0.40395,0.77885,0.00435,0.05665,0.88715,0.89625,0.68565,0.46105,0.54555,0.07915,0.13165,0.30705,0.00845,16.1462215875794
0.16645,0.84335,0.85155,0.78605,0.11055,0.34715,0.49105,0.57555,0.51125,0.30145,0.47505,0.03585,0.18715,0.14385,0.54435,16.1463838816482
0.42895,0.70365,0.11625,0.68665,0.88105,0.23935,0.81525,0.52915,0.76185,0.21885,0.04935,0.84075,0.15475,0.28495,0.21905,16.1615085727629
0.31435,0.35685,0.25405,0.58385,0.49445,0.20265,0.90485,0.45815,0.46565,0.52795,0.31775,0.15035,0.01235,0.06175,0.76085,16.1778075097496
0.61245,0.82505,0.87145,0.08285,0.37995,0.24775,0.68125,0.21535,0.13055,0.93505,0.82905,0.49175,0.11855,0.14135,0.57785,16.1858876752329
0.10835,0.98595,0.37455,0.77655,0.84995,0.04065,0.69595,0.62465,0.16325,0.76995,0.02085,0.92675,0.09915,0.55305,0.56645,16.1864282130588
0.23785,0.48805,0.92095,0.55185,0.40395,0.09165,0.33175,0.27085,0.54725,0.67565,0.69095,0.59485,0.15525,0.16925,0.48355,16.1959718168364
0.07535,0.68825,0.75885,0.77235,0.93295,0.08035,0.21465,0.49305,0.26075,0.15905,0.61255,0.35315,0.06945,0.76065,0.54325,16.2000308973674
0.55625,0.99295,0.74685,0.04445,0.37595,0.38445,0.47805,0.24375,0.13195,0.87255,0.47855,0.06305,0.29565,0.21205,0.87895,16.2013953176597
0.43065,0.98165,0.60515,0.44105,0.50585,0.48115,0.73655,0.06315,0.09105,0.25885,0.54095,0.48495,0.13865,0.33235,0.50315,16.205018771295
0.55615,0.89695,0.17555,0.17545,0.45805,0.34035,0.84475,0.50365,0.26795,0.68815,0.50865,0.13715,0.11655,0.90725,0.63045,16.2149519789234
0.57695,0.89025,0.09365,0.67445,0.06925,0.14485,0.48405,0.48525,0.84115,0.83435,0.18565,0.18045,0.64635,0.23565,0.60425,16.2205923060901
0.35225,0.70675,0.35195,0.65735,0.12765,0.25695,0.83845,0.22865,0.18495,0.66385,0.21015,0.21315,0.35175,0.18615,0.89315,16.2224620096824
0.12255,0.94625,0.02485,0.62465,0.49055,0.06905,0.20615,0.33245,0.78265,0.91725,0.49035,0.60335,0.73115,0.88725,0.32165,16.2320742430219
0.22865,0.53405,0.08085,0.99045,0.88565,0.25855,0.96055,0.26325,0.15315,0.25095,0.84555,0.02925,0.27255,0.18375,0.03145,16.2374204005953
0.45565,0.89965,0.25335,0.30945,0.57765,0.38615,0.27755,0.01935,0.56225,0.94435,0.34165,0.48085,0.33835,0.49365,0.79925,16.2552166517768
0.40475,0.84025,0.99585,0.30775,0.07915,0.49245,0.88135,0.46545,0.69975,0.09445,0.37205,0.32675,0.31975,0.25425,0.81755,16.2591093278831
0.50025,0.82965,0.23575,0.51215,0.13415,0.86635,0.48955,0.05625,0.60415,0.74745,0.09135,0.41265,0.28315,0.79545,0.19165,16.2799519766924
0.72225,0.82645,0.99325,0.41255,0.49555,0.28485,0.86175,0.28905,0.41505,0.27035,0.04805,0.52795,0.20985,0.03225,0.90275,16.2817948020062
0.26155,0.65645,0.61615,0.87495,0.12525,0.07745,0.86055,0.34495,0.78515,0.31395,0.15935,0.93635,0.10585,0.72005,0.25565,16.2959317721654
0.14125,0.96495,0.96035,0.13895,0.73175,0.50415,0.32035,0.28445,0.52525,0.99225,0.22165,0.18675,0.18365,0.66025,0.64435,16.2977448149343
0.06325,0.97835,0.12785,0.70505,0.50695,0.23835,0.83615,0.48645,0.57375,0.55695,0.37555,0.13355,0.81925,0.50445,0.60155,16.3099022103297
0.05965,0.28915,0.72915,0.40535,0.53245,0.22285,0.49585,0.23785,0.13115,0.88375,0.53655,0.08985,0.04105,0.19525,0.51975,16.3204094504919
0.12675,0.78005,0.20305,0.86665,0.70155,0.20145,0.55005,0.24845,0.43685,0.90025,0.60935,0.04345,0.60595,0.34765,0.87525,16.3292833000365
0.33845,0.79215,0.04045,0.88635,0.46545,0.29695,0.49815,0.27235,0.12295,0.56805,0.21025,0.07545,0.57375,0.59825,0.93205,16.3328811223238
0.50785,0.69285,0.71725,0.20595,0.34195,0.26195,0.72735,0.14765,0.97875,0.01965,0.03715,0.29925,0.09715,0.05815,0.55575,16.3346851992144
0.20765,0.82085,0.81665,0.05335,0.92005,0.97235,0.72015,0.13285,0.29935,0.75985,0.04205,0.14265,0.22415,0.89195,0.97755,16.3428201194349
0.08945,0.99675,0.93925,0.81945,0.05475,0.67545,0.20055,0.06655,0.34605,0.08625,0.30835,0.36255,0.42125,0.09355,0.69155,16.3546562507611
0.19885,0.66795,0.23055,0.87405,0.34395,0.47255,0.95915,0.56965,0.19565,0.35295,0.40585,0.44485,0.28185,0.31595,0.66455,16.3580317072524
0.28775,0.83395,0.73665,0.33475,0.65485,0.36425,0.66675,0.54895,0.14765,0.91625,0.46315,0.52805,0.19845,0.31955,0.42265,16.3598778614305
0.15575,0.50135,0.32815,0.29375,0.27475,0.04115,0.98415,0.41945,0.18995,0.97225,0.28715,0.19775,0.35665,0.51435,0.83905,16.3664723203225
0.77195,0.96855,0.39105,0.13815,0.03855,0.91165,0.56515,0.21075,0.87205,0.70985,0.82125,0.15185,0.18245,0.25745,0.16015,16.3706759241944
0.20925,0.73555,0.47105,0.58845,0.47695,0.84335,0.86015,0.40715,0.44025,0.03215,0.57905,0.35215,0.23945,0.42735,0.05725,16.3788365638966
0.75115,0.95535,0.35535,0.65055,0.63725,0.34855,0.63335,0.02975,0.89395,0.20795,0.01685,0.34045,0.46555,0.42915,0.28235,16.3988224033281
0.63675,0.88365,0.70205,0.68475,0.31025,0.44745,0.53875,0.16475,0.85865,0.74905,0.23935,0.91395,0.48505,0.10005,0.18985,16.4058108513495
0.29355,0.87945,0.43455,0.23795,0.94485,0.21375,0.68855,0.33355,0.44935,0.10025,0.36795,0.26645,0.44655,0.04375,0.54125,16.4058197694851
0.06195,0.73375,0.01815,0.78635,0.36205,0.94045,0.91405,0.42615,0.92055,0.38555,0.73435,0.21795,0.02595,0.26995,0.20075,16.4180011602949
0.47055,0.81895,0.91475,0.45075,0.08715,0.77965,0.59035,0.12485,0.51705,0.31565,0.37785,0.77135,0.13665,0.66045,0.37155,16.419473868398
0.27855,0.79035,0.60445,0.90435,0.40385,0.80595,0.66855,0.43295,0.84715,0.16375,0.23145,0.60345,0.01465,0.59635,0.43215,16.4244094490137
0.33725,0.99925,0.75175,0.38045,0.67915,0.30465,0.17665,0.46005,0.21365,0.67725,0.78585,0.25465,0.19905,0.74435,0.92715,16.4279222022793
0.38465,0.87855,0.11675,0.72735,0.66735,0.84865,0.47095,0.08735,0.21245,0.90985,0.73555,0.71975,0.50395,0.81715,0.34175,16.4317047970693
0.30405,0.70175,0.32745,0.15845,0.18735,0.71665,0.86785,0.37965,0.41065,0.80295,0.18915,0.28605,0.24035,0.55665,0.32725,16.4364141531241
0.19475,0.48895,0.12455,0.78085,0.73235,0.55775,0.55775,0.20735,0.50145,0.96825,0.29395,0.35655,0.37775,0.82075,0.64205,16.4445462733744
0.26815,0.47085,0.42165,0.63845,0.20525,0.34405,0.84865,0.39235,0.33755,0.07095,0.24215,0.09665,0.00055,0.18465,0.06085,16.4474862593649
0.05525,0.34505,0.03375,0.70205,0.53565,0.19965,0.37475,0.17835,0.79225,0.74975,0.35305,0.40565,0.13785,0.93255,0.93415,16.4475922413413
0.03385,0.74775,0.94125,0.36105,0.11975,0.50135,0.29145,0.31125,0.82165,0.01385,0.43925,0.28675,0.19325,0.44615,0.17685,16.455711037018
0.05795,0.78445,0.22025,0.80245,0.40655,0.01535,0.51515,0.41875,0.96495,0.42435,0.86015,0.85375,0.25375,0.85035,0.64805,16.4570321629084
0.17465,0.80065,0.37055,0.08815,0.82475,0.78265,0.42645,0.19355,0.57255,0.91645,0.22035,0.31865,0.49865,0.78975,0.29325,16.4590448872926
0.10215,0.89895,0.44505,0.07185,0.14145,0.43375,0.48335,0.11605,0.88485,0.18185,0.51685,0.16735,0.08095,0.60945,0.33705,16.4678878446745
0.33765,0.85395,0.96965,0.74915,0.50915,0.62665,0.55815,0.18445,0.65455,0.35175,0.61185,0.68255,0.21565,0.79095,0.39015,16.4991319564511
0.12545,0.74685,0.57585,0.62905,0.49895,0.34085,0.57745,0.23155,0.07505,0.13725,0.82205,0.30045,0.34015,0.85095,0.33675,16.5087099092159
0.08445,0.80605,0.47065,0.79935,0.60055,0.72365,0.65065,0.45125,0.16555,0.54135,0.44265,0.01605,0.05475,0.50895,0.42445,16.5140041154283
0.45375,0.50965,0.57605,0.82885,0.15615,0.04295,0.93135,0.63405,0.11245,0.08065,0.39595,0.13025,0.21865,0.99275,0.64195,16.5197108418835
