"growth.rate","rels.rate","trans.rate","sim.id","xdesign1","xdesign2","xdesign3","xdesign4","xdesign5","conception.alpha_base","formation.hazard.agegapry.numrel_diff","formation.hazard.agegapry.eagerness_diff","birth.boygirlratio","hivtransmission.param.a"
-0.0283300933359432,1.125,0,1,0.660812263953544,0.920838825404644,0.17814660231982,0.172125951032199,0.156418594332146,-2.6871570761626,-0.079161174595356,-0.41092669884009,0.53442519020644,-1.84358140566785
-0.0255760275455259,2.475,0,1,0.660812263953544,0.920838825404644,0.17814660231982,0.172125951032199,0.156418594332146,-2.6871570761626,-0.079161174595356,-0.41092669884009,0.53442519020644,-1.84358140566785
-0.0270438792900422,1.95,0,1,0.660812263953544,0.920838825404644,0.17814660231982,0.172125951032199,0.156418594332146,-2.6871570761626,-0.079161174595356,-0.41092669884009,0.53442519020644,-1.84358140566785
-0.0281752940797452,1.3,0.05,1,0.660812263953544,0.920838825404644,0.17814660231982,0.172125951032199,0.156418594332146,-2.6871570761626,-0.079161174595356,-0.41092669884009,0.53442519020644,-1.84358140566785
-0.0270807796657452,2.225,0,1,0.660812263953544,0.920838825404644,0.17814660231982,0.172125951032199,0.156418594332146,-2.6871570761626,-0.079161174595356,-0.41092669884009,0.53442519020644,-1.84358140566785
-0.0275278854721557,1.475,0,1,0.660812263953544,0.920838825404644,0.17814660231982,0.172125951032199,0.156418594332146,-2.6871570761626,-0.079161174595356,-0.41092669884009,0.53442519020644,-1.84358140566785
-0.0280598204333378,2.025,0,1,0.660812263953544,0.920838825404644,0.17814660231982,0.172125951032199,0.156418594332146,-2.6871570761626,-0.079161174595356,-0.41092669884009,0.53442519020644,-1.84358140566785
-0.0268601899992823,1.55,0,1,0.660812263953544,0.920838825404644,0.17814660231982,0.172125951032199,0.156418594332146,-2.6871570761626,-0.079161174595356,-0.41092669884009,0.53442519020644,-1.84358140566785
-0.0266778405402185,1.675,0,1,0.660812263953544,0.920838825404644,0.17814660231982,0.172125951032199,0.156418594332146,-2.6871570761626,-0.079161174595356,-0.41092669884009,0.53442519020644,-1.84358140566785
-0.0270070332995847,1.425,0,1,0.660812263953544,0.920838825404644,0.17814660231982,0.172125951032199,0.156418594332146,-2.6871570761626,-0.079161174595356,-0.41092669884009,0.53442519020644,-1.84358140566785
-0.0254373309345829,14.2,0.35,2,0.48519969630676,0.696686386784893,0.933585878406163,0.121769501849832,0.947385433473669,-3.30180106292634,-0.303313613215107,-0.0332070607969183,0.524353900369966,-1.05261456652633
-0.0240256656428887,17.75,1.575,2,0.48519969630676,0.696686386784893,0.933585878406163,0.121769501849832,0.947385433473669,-3.30180106292634,-0.303313613215107,-0.0332070607969183,0.524353900369966,-1.05261456652633
-0.0266052715487694,18.225,2.25,2,0.48519969630676,0.696686386784893,0.933585878406163,0.121769501849832,0.947385433473669,-3.30180106292634,-0.303313613215107,-0.0332070607969183,0.524353900369966,-1.05261456652633
-0.0257504874300625,15.95,1.425,2,0.48519969630676,0.696686386784893,0.933585878406163,0.121769501849832,0.947385433473669,-3.30180106292634,-0.303313613215107,-0.0332070607969183,0.524353900369966,-1.05261456652633
-0.0253338111179322,15.725,0.8,2,0.48519969630676,0.696686386784893,0.933585878406163,0.121769501849832,0.947385433473669,-3.30180106292634,-0.303313613215107,-0.0332070607969183,0.524353900369966,-1.05261456652633
-0.0255760275455259,15.45,1.75,2,0.48519969630676,0.696686386784893,0.933585878406163,0.121769501849832,0.947385433473669,-3.30180106292634,-0.303313613215107,-0.0332070607969183,0.524353900369966,-1.05261456652633
-0.0250939189413858,15.125,0.4,2,0.48519969630676,0.696686386784893,0.933585878406163,0.121769501849832,0.947385433473669,-3.30180106292634,-0.303313613215107,-0.0332070607969183,0.524353900369966,-1.05261456652633
-0.0250257990082311,15.875,1.075,2,0.48519969630676,0.696686386784893,0.933585878406163,0.121769501849832,0.947385433473669,-3.30180106292634,-0.303313613215107,-0.0332070607969183,0.524353900369966,-1.05261456652633
-0.0250939189413858,16.5,1.725,2,0.48519969630676,0.696686386784893,0.933585878406163,0.121769501849832,0.947385433473669,-3.30180106292634,-0.303313613215107,-0.0332070607969183,0.524353900369966,-1.05261456652633
-0.0249578641838186,17.9,1.15,2,0.48519969630676,0.696686386784893,0.933585878406163,0.121769501849832,0.947385433473669,-3.30180106292634,-0.303313613215107,-0.0332070607969183,0.524353900369966,-1.05261456652633
-0.0281752940797452,6.025,0.3,3,0.369433478685096,0.801934026381267,0.852527695785587,0.920417967573961,0.687915967777371,-3.70698282460216,-0.198065973618733,-0.0737361521072065,0.684083593514792,-1.31208403222263
-0.0257855259781947,8.225,0,3,0.369433478685096,0.801934026381267,0.852527695785587,0.920417967573961,0.687915967777371,-3.70698282460216,-0.198065973618733,-0.0737361521072065,0.684083593514792,-1.31208403222263
-0.0279448777021221,9.2,1.125,3,0.369433478685096,0.801934026381267,0.852527695785587,0.920417967573961,0.687915967777371,-3.70698282460216,-0.198065973618733,-0.0737361521072065,0.684083593514792,-1.31208403222263
-0.0271547442167388,7.275,0.475,3,0.369433478685096,0.801934026381267,0.852527695785587,0.920417967573961,0.687915967777371,-3.70698282460216,-0.198065973618733,-0.0737361521072065,0.684083593514792,-1.31208403222263
-0.0270807796657452,8.25,0.25,3,0.369433478685096,0.801934026381267,0.852527695785587,0.920417967573961,0.687915967777371,-3.70698282460216,-0.198065973618733,-0.0737361521072065,0.684083593514792,-1.31208403222263
-0.0276787154922599,6.875,0.675,3,0.369433478685096,0.801934026381267,0.852527695785587,0.920417967573961,0.687915967777371,-3.70698282460216,-0.198065973618733,-0.0737361521072065,0.684083593514792,-1.31208403222263
-0.0272289282474339,7.875,0,3,0.369433478685096,0.801934026381267,0.852527695785587,0.920417967573961,0.687915967777371,-3.70698282460216,-0.198065973618733,-0.0737361521072065,0.684083593514792,-1.31208403222263
-0.0265690658943603,6.925,0.1,3,0.369433478685096,0.801934026381267,0.852527695785587,0.920417967573961,0.687915967777371,-3.70698282460216,-0.198065973618733,-0.0737361521072065,0.684083593514792,-1.31208403222263
-0.0256805573145359,8.2,0.075,3,0.369433478685096,0.801934026381267,0.852527695785587,0.920417967573961,0.687915967777371,-3.70698282460216,-0.198065973618733,-0.0737361521072065,0.684083593514792,-1.31208403222263
-0.0259614591462091,8.65,0,3,0.369433478685096,0.801934026381267,0.852527695785587,0.920417967573961,0.687915967777371,-3.70698282460216,-0.198065973618733,-0.0737361521072065,0.684083593514792,-1.31208403222263
-0.0287608009349477,2.675,0,4,0.0821189948889826,0.374101507843339,0.633034769290437,0.831101497402415,0.799046899513563,-4.71258351788856,-0.625898492156661,-0.183482615354781,0.666220299480483,-1.20095310048644
-0.0270438792900422,4.125,0,4,0.0821189948889826,0.374101507843339,0.633034769290437,0.831101497402415,0.799046899513563,-4.71258351788856,-0.625898492156661,-0.183482615354781,0.666220299480483,-1.20095310048644
-0.0278685417649498,4.65,0,4,0.0821189948889826,0.374101507843339,0.633034769290437,0.831101497402415,0.799046899513563,-4.71258351788856,-0.625898492156661,-0.183482615354781,0.666220299480483,-1.20095310048644
-0.028252573893987,3.975,0.1,4,0.0821189948889826,0.374101507843339,0.633034769290437,0.831101497402415,0.799046899513563,-4.71258351788856,-0.625898492156661,-0.183482615354781,0.666220299480483,-1.20095310048644
-0.0281752940797452,4.3,0,4,0.0821189948889826,0.374101507843339,0.633034769290437,0.831101497402415,0.799046899513563,-4.71258351788856,-0.625898492156661,-0.183482615354781,0.666220299480483,-1.20095310048644
-0.0287213376276214,3.575,0.225,4,0.0821189948889826,0.374101507843339,0.633034769290437,0.831101497402415,0.799046899513563,-4.71258351788856,-0.625898492156661,-0.183482615354781,0.666220299480483,-1.20095310048644
-0.0286819365162348,3.45,0.05,4,0.0821189948889826,0.374101507843339,0.633034769290437,0.831101497402415,0.799046899513563,-4.71258351788856,-0.625898492156661,-0.183482615354781,0.666220299480483,-1.20095310048644
-0.0273779599853463,3.25,0,4,0.0821189948889826,0.374101507843339,0.633034769290437,0.831101497402415,0.799046899513563,-4.71258351788856,-0.625898492156661,-0.183482615354781,0.666220299480483,-1.20095310048644
-0.0270070332995847,4.3,0,4,0.0821189948889826,0.374101507843339,0.633034769290437,0.831101497402415,0.799046899513563,-4.71258351788856,-0.625898492156661,-0.183482615354781,0.666220299480483,-1.20095310048644
-0.0277544731259894,2.475,0,4,0.0821189948889826,0.374101507843339,0.633034769290437,0.831101497402415,0.799046899513563,-4.71258351788856,-0.625898492156661,-0.183482615354781,0.666220299480483,-1.20095310048644
-0.029078770245142,1.35,0.075,5,0.235415467537851,0.0186361562394138,0.342440957613733,0.64287814155354,0.518124715946171,-4.17604586361752,-0.981363843760586,-0.328779521193134,0.628575628310708,-1.48187528405383
-0.0269702415342982,3.125,0.125,5,0.235415467537851,0.0186361562394138,0.342440957613733,0.64287814155354,0.518124715946171,-4.17604586361752,-0.981363843760586,-0.328779521193134,0.628575628310708,-1.48187528405383
-0.0278304610264368,3.25,0.175,5,0.235415467537851,0.0186361562394138,0.342440957613733,0.64287814155354,0.518124715946171,-4.17604586361752,-0.981363843760586,-0.328779521193134,0.628575628310708,-1.48187528405383
-0.0284468250655353,1.9,0,5,0.235415467537851,0.0186361562394138,0.342440957613733,0.64287814155354,0.518124715946171,-4.17604586361752,-0.981363843760586,-0.328779521193134,0.628575628310708,-1.48187528405383
-0.0279831332566413,2.7,0,5,0.235415467537851,0.0186361562394138,0.342440957613733,0.64287814155354,0.518124715946171,-4.17604586361752,-0.981363843760586,-0.328779521193134,0.628575628310708,-1.48187528405383
-0.0284858570797091,1.2,0.05,5,0.235415467537851,0.0186361562394138,0.342440957613733,0.64287814155354,0.518124715946171,-4.17604586361752,-0.981363843760586,-0.328779521193134,0.628575628310708,-1.48187528405383
-0.0291188022793164,2.125,0,5,0.235415467537851,0.0186361562394138,0.342440957613733,0.64287814155354,0.518124715946171,-4.17604586361752,-0.981363843760586,-0.328779521193134,0.628575628310708,-1.48187528405383
-0.0276031867339055,1.675,0.05,5,0.235415467537851,0.0186361562394138,0.342440957613733,0.64287814155354,0.518124715946171,-4.17604586361752,-0.981363843760586,-0.328779521193134,0.628575628310708,-1.48187528405383
-0.0270807796657452,1.6,0,5,0.235415467537851,0.0186361562394138,0.342440957613733,0.64287814155354,0.518124715946171,-4.17604586361752,-0.981363843760586,-0.328779521193134,0.628575628310708,-1.48187528405383
-0.0277165656130403,2.025,0,5,0.235415467537851,0.0186361562394138,0.342440957613733,0.64287814155354,0.518124715946171,-4.17604586361752,-0.981363843760586,-0.328779521193134,0.628575628310708,-1.48187528405383
-0.0279448777021221,1.375,0.05,6,0.740364123191241,0.208594946933555,0.0422119496811536,0.389565064815716,0.353005914738224,-2.40872556883066,-0.791405053066444,-0.478894025159423,0.577913012963143,-1.64699408526178
-0.0261742263879068,1.825,0,6,0.740364123191241,0.208594946933555,0.0422119496811536,0.389565064815716,0.353005914738224,-2.40872556883066,-0.791405053066444,-0.478894025159423,0.577913012963143,-1.64699408526178
-0.0262812929327068,2.3,0,6,0.740364123191241,0.208594946933555,0.0422119496811536,0.389565064815716,0.353005914738224,-2.40872556883066,-0.791405053066444,-0.478894025159423,0.577913012963143,-1.64699408526178
-0.0276409225901269,1.1,0,6,0.740364123191241,0.208594946933555,0.0422119496811536,0.389565064815716,0.353005914738224,-2.40872556883066,-0.791405053066444,-0.478894025159423,0.577913012963143,-1.64699408526178
-0.0272289282474339,2.05,0,6,0.740364123191241,0.208594946933555,0.0422119496811536,0.389565064815716,0.353005914738224,-2.40872556883066,-0.791405053066444,-0.478894025159423,0.577913012963143,-1.64699408526178
-0.0275655077516412,1.2,0,6,0.740364123191241,0.208594946933555,0.0422119496811536,0.389565064815716,0.353005914738224,-2.40872556883066,-0.791405053066444,-0.478894025159423,0.577913012963143,-1.64699408526178
-0.0282139041260295,1.6,0,6,0.740364123191241,0.208594946933555,0.0422119496811536,0.389565064815716,0.353005914738224,-2.40872556883066,-0.791405053066444,-0.478894025159423,0.577913012963143,-1.64699408526178
-0.0267142041829933,1.15,0,6,0.740364123191241,0.208594946933555,0.0422119496811536,0.389565064815716,0.353005914738224,-2.40872556883066,-0.791405053066444,-0.478894025159423,0.577913012963143,-1.64699408526178
-0.0260676164182453,1.875,0,6,0.740364123191241,0.208594946933555,0.0422119496811536,0.389565064815716,0.353005914738224,-2.40872556883066,-0.791405053066444,-0.478894025159423,0.577913012963143,-1.64699408526178
-0.0271918087157444,0.975,0,6,0.740364123191241,0.208594946933555,0.0422119496811536,0.389565064815716,0.353005914738224,-2.40872556883066,-0.791405053066444,-0.478894025159423,0.577913012963143,-1.64699408526178
-0.0257154979212019,2.5,0,7,0.986273517510632,0.566449782190223,0.547778070749094,0.0252205048953848,0.00303849907192801,-1.54804268871279,-0.433550217809777,-0.226110964625453,0.505044100979077,-1.99696150092807
-0.0215391458046227,4.15,0,7,0.986273517510632,0.566449782190223,0.547778070749094,0.0252205048953848,0.00303849907192801,-1.54804268871279,-0.433550217809777,-0.226110964625453,0.505044100979077,-1.99696150092807
-0.021896720434381,5,0,7,0.986273517510632,0.566449782190223,0.547778070749094,0.0252205048953848,0.00303849907192801,-1.54804268871279,-0.433550217809777,-0.226110964625453,0.505044100979077,-1.99696150092807
-0.0249578641838186,2.6,0.05,7,0.986273517510632,0.566449782190223,0.547778070749094,0.0252205048953848,0.00303849907192801,-1.54804268871279,-0.433550217809777,-0.226110964625453,0.505044100979077,-1.99696150092807
-0.0244209307935547,3.65,0.125,7,0.986273517510632,0.566449782190223,0.547778070749094,0.0252205048953848,0.00303849907192801,-1.54804268871279,-0.433550217809777,-0.226110964625453,0.505044100979077,-1.99696150092807
-0.0250939189413858,2.3,0,7,0.986273517510632,0.566449782190223,0.547778070749094,0.0252205048953848,0.00303849907192801,-1.54804268871279,-0.433550217809777,-0.226110964625453,0.505044100979077,-1.99696150092807
-0.0244541533898061,3,0,7,0.986273517510632,0.566449782190223,0.547778070749094,0.0252205048953848,0.00303849907192801,-1.54804268871279,-0.433550217809777,-0.226110964625453,0.505044100979077,-1.99696150092807
-0.0242225170536613,2.2,0,7,0.986273517510632,0.566449782190223,0.547778070749094,0.0252205048953848,0.00303849907192801,-1.54804268871279,-0.433550217809777,-0.226110964625453,0.505044100979077,-1.99696150092807
-0.0223510030734834,2.925,0,7,0.986273517510632,0.566449782190223,0.547778070749094,0.0252205048953848,0.00303849907192801,-1.54804268871279,-0.433550217809777,-0.226110964625453,0.505044100979077,-1.99696150092807
-0.0246209318602316,2.55,0,7,0.986273517510632,0.566449782190223,0.547778070749094,0.0252205048953848,0.00303849907192801,-1.54804268871279,-0.433550217809777,-0.226110964625453,0.505044100979077,-1.99696150092807
-0.0286819365162348,1.825,0.075,8,0.286670738082778,0.299015542957932,0.487210449579704,0.319802147502612,0.484103230094271,-3.56664630958611,-0.700984457042068,-0.256394775210148,0.563960429500522,-1.51589676990573
-0.0267142041829933,3.65,0,8,0.286670738082778,0.299015542957932,0.487210449579704,0.319802147502612,0.484103230094271,-3.56664630958611,-0.700984457042068,-0.256394775210148,0.563960429500522,-1.51589676990573
-0.0276409225901269,4.1,0.1,8,0.286670738082778,0.299015542957932,0.487210449579704,0.319802147502612,0.484103230094271,-3.56664630958611,-0.700984457042068,-0.256394775210148,0.563960429500522,-1.51589676990573
-0.0278685417649498,2.65,0,8,0.286670738082778,0.299015542957932,0.487210449579704,0.319802147502612,0.484103230094271,-3.56664630958611,-0.700984457042068,-0.256394775210148,0.563960429500522,-1.51589676990573
-0.0281367435709498,3.325,0.15,8,0.286670738082778,0.299015542957932,0.487210449579704,0.319802147502612,0.484103230094271,-3.56664630958611,-0.700984457042068,-0.256394775210148,0.563960429500522,-1.51589676990573
-0.0281367435709498,2.475,0.05,8,0.286670738082778,0.299015542957932,0.487210449579704,0.319802147502612,0.484103230094271,-3.56664630958611,-0.700984457042068,-0.256394775210148,0.563960429500522,-1.51589676990573
-0.0282139041260295,2.825,0,8,0.286670738082778,0.299015542957932,0.487210449579704,0.319802147502612,0.484103230094271,-3.56664630958611,-0.700984457042068,-0.256394775210148,0.563960429500522,-1.51589676990573
-0.0274528103406615,1.85,0,8,0.286670738082778,0.299015542957932,0.487210449579704,0.319802147502612,0.484103230094271,-3.56664630958611,-0.700984457042068,-0.256394775210148,0.563960429500522,-1.51589676990573
-0.0269335038348142,2.825,0,8,0.286670738082778,0.299015542957932,0.487210449579704,0.319802147502612,0.484103230094271,-3.56664630958611,-0.700984457042068,-0.256394775210148,0.563960429500522,-1.51589676990573
-0.0277165656130403,1.7,0,8,0.286670738082778,0.299015542957932,0.487210449579704,0.319802147502612,0.484103230094271,-3.56664630958611,-0.700984457042068,-0.256394775210148,0.563960429500522,-1.51589676990573
-0.0268236135479883,1.9,0,9,0.598741996933573,0.487669522757642,0.403361442415709,0.480879552762157,0.423907516507565,-2.00629001533213,-0.512330477242358,-0.298319278792146,0.596175910552431,-1.57609248349244
-0.0244209307935547,3,0.075,9,0.598741996933573,0.487669522757642,0.403361442415709,0.480879552762157,0.423907516507565,-2.00629001533213,-0.512330477242358,-0.298319278792146,0.596175910552431,-1.57609248349244
-0.0255412811882995,3.425,0.125,9,0.598741996933573,0.487669522757642,0.403361442415709,0.480879552762157,0.423907516507565,-2.00629001533213,-0.512330477242358,-0.298319278792146,0.596175910552431,-1.57609248349244
-0.0258206137032527,2.825,0,9,0.598741996933573,0.487669522757642,0.403361442415709,0.480879552762157,0.423907516507565,-2.00629001533213,-0.512330477242358,-0.298319278792146,0.596175910552431,-1.57609248349244
-0.0252993995502141,3.175,0.05,9,0.598741996933573,0.487669522757642,0.403361442415709,0.480879552762157,0.423907516507565,-2.00629001533213,-0.512330477242358,-0.298319278792146,0.596175910552431,-1.57609248349244
-0.0265690658943603,1.675,0.075,9,0.598741996933573,0.487669522757642,0.403361442415709,0.480879552762157,0.423907516507565,-2.00629001533213,-0.512330477242358,-0.298319278792146,0.596175910552431,-1.57609248349244
-0.0269702415342982,2.3,0,9,0.598741996933573,0.487669522757642,0.403361442415709,0.480879552762157,0.423907516507565,-2.00629001533213,-0.512330477242358,-0.298319278792146,0.596175910552431,-1.57609248349244
-0.0254719330162314,1.875,0.05,9,0.598741996933573,0.487669522757642,0.403361442415709,0.480879552762157,0.423907516507565,-2.00629001533213,-0.512330477242358,-0.298319278792146,0.596175910552431,-1.57609248349244
-0.0250598357731892,2.3,0,9,0.598741996933573,0.487669522757642,0.403361442415709,0.480879552762157,0.423907516507565,-2.00629001533213,-0.512330477242358,-0.298319278792146,0.596175910552431,-1.57609248349244
-0.0257855259781947,2.1,0,9,0.598741996933573,0.487669522757642,0.403361442415709,0.480879552762157,0.423907516507565,-2.00629001533213,-0.512330477242358,-0.298319278792146,0.596175910552431,-1.57609248349244
-0.0284858570797091,3.9,0.1,10,0.204977917551462,0.976319052728026,0.770209483020673,0.978052254034472,0.586581608663047,-3.97511041224269,-0.0236809472719739,-0.114895258489664,0.695610450806894,-1.41341839133695
-0.0264968115088045,6.4,0.1,10,0.204977917551462,0.976319052728026,0.770209483020673,0.978052254034472,0.586581608663047,-3.97511041224269,-0.0236809472719739,-0.114895258489664,0.695610450806894,-1.41341839133695
-0.0283689433826116,6.475,0.8,10,0.204977917551462,0.976319052728026,0.770209483020673,0.978052254034472,0.586581608663047,-3.97511041224269,-0.0236809472719739,-0.114895258489664,0.695610450806894,-1.41341839133695
-0.0281367435709498,4.9,0.275,10,0.204977917551462,0.976319052728026,0.770209483020673,0.978052254034472,0.586581608663047,-3.97511041224269,-0.0236809472719739,-0.114895258489664,0.695610450806894,-1.41341839133695
-0.0275278854721557,6.35,0,10,0.204977917551462,0.976319052728026,0.770209483020673,0.978052254034472,0.586581608663047,-3.97511041224269,-0.0236809472719739,-0.114895258489664,0.695610450806894,-1.41341839133695
-0.0275278854721557,4.5,0,10,0.204977917551462,0.976319052728026,0.770209483020673,0.978052254034472,0.586581608663047,-3.97511041224269,-0.0236809472719739,-0.114895258489664,0.695610450806894,-1.41341839133695
-0.0283689433826116,5.3,0.075,10,0.204977917551462,0.976319052728026,0.770209483020673,0.978052254034472,0.586581608663047,-3.97511041224269,-0.0236809472719739,-0.114895258489664,0.695610450806894,-1.41341839133695
-0.0269702415342982,4.375,0,10,0.204977917551462,0.976319052728026,0.770209483020673,0.978052254034472,0.586581608663047,-3.97511041224269,-0.0236809472719739,-0.114895258489664,0.695610450806894,-1.41341839133695
-0.0264247653494323,5.325,0,10,0.204977917551462,0.976319052728026,0.770209483020673,0.978052254034472,0.586581608663047,-3.97511041224269,-0.0236809472719739,-0.114895258489664,0.695610450806894,-1.41341839133695
-0.0275278854721557,5.6,0,10,0.204977917551462,0.976319052728026,0.770209483020673,0.978052254034472,0.586581608663047,-3.97511041224269,-0.0236809472719739,-0.114895258489664,0.695610450806894,-1.41341839133695
-0.0276787154922599,1.25,0,11,0.524310642620549,0.628159990051894,0.253788307974381,0.605544258723967,0.760833840434706,-2.37844678689726,-0.371840009948106,-0.373105846012809,0.621108851744793,-1.23916615956529
-0.0255065830564283,2.8,0,11,0.524310642620549,0.628159990051894,0.253788307974381,0.605544258723967,0.760833840434706,-2.37844678689726,-0.371840009948106,-0.373105846012809,0.621108851744793,-1.23916615956529
-0.025890937237668,2.525,0,11,0.524310642620549,0.628159990051894,0.253788307974381,0.605544258723967,0.760833840434706,-2.37844678689726,-0.371840009948106,-0.373105846012809,0.621108851744793,-1.23916615956529
-0.0268601899992823,2.025,0,11,0.524310642620549,0.628159990051894,0.253788307974381,0.605544258723967,0.760833840434706,-2.37844678689726,-0.371840009948106,-0.373105846012809,0.621108851744793,-1.23916615956529
-0.02730333306426,1.95,0,11,0.524310642620549,0.628159990051894,0.253788307974381,0.605544258723967,0.760833840434706,-2.37844678689726,-0.371840009948106,-0.373105846012809,0.621108851744793,-1.23916615956529
-0.0271918087157444,1.575,0,11,0.524310642620549,0.628159990051894,0.253788307974381,0.605544258723967,0.760833840434706,-2.37844678689726,-0.371840009948106,-0.373105846012809,0.621108851744793,-1.23916615956529
-0.0279066805976708,2.3,0.075,11,0.524310642620549,0.628159990051894,0.253788307974381,0.605544258723967,0.760833840434706,-2.37844678689726,-0.371840009948106,-0.373105846012809,0.621108851744793,-1.23916615956529
-0.0263170839194928,1.25,0.05,11,0.524310642620549,0.628159990051894,0.253788307974381,0.605544258723967,0.760833840434706,-2.37844678689726,-0.371840009948106,-0.373105846012809,0.621108851744793,-1.23916615956529
-0.0255760275455259,2.1,0,11,0.524310642620549,0.628159990051894,0.253788307974381,0.605544258723967,0.760833840434706,-2.37844678689726,-0.371840009948106,-0.373105846012809,0.621108851744793,-1.23916615956529
-0.0270070332995847,1.55,0.075,11,0.524310642620549,0.628159990051894,0.253788307974381,0.605544258723967,0.760833840434706,-2.37844678689726,-0.371840009948106,-0.373105846012809,0.621108851744793,-1.23916615956529
-0.0225967052968899,3.775,0,12,0.820148579676502,0.721995973277704,0.680694255728408,0.775800676916593,0.223253935425808,-0.899257101617488,-0.278004026722296,-0.159652872135796,0.655160135383319,-1.77674606457419
-0.0180643997812689,5.8,0,12,0.820148579676502,0.721995973277704,0.680694255728408,0.775800676916593,0.223253935425808,-0.899257101617488,-0.278004026722296,-0.159652872135796,0.655160135383319,-1.77674606457419
-0.0202420249203974,5.175,0.45,12,0.820148579676502,0.721995973277704,0.680694255728408,0.775800676916593,0.223253935425808,-0.899257101617488,-0.278004026722296,-0.159652872135796,0.655160135383319,-1.77674606457419
-0.0196041644736778,4.275,0.05,12,0.820148579676502,0.721995973277704,0.680694255728408,0.775800676916593,0.223253935425808,-0.899257101617488,-0.278004026722296,-0.159652872135796,0.655160135383319,-1.77674606457419
-0.0179103951874825,5.525,0.05,12,0.820148579676502,0.721995973277704,0.680694255728408,0.775800676916593,0.223253935425808,-0.899257101617488,-0.278004026722296,-0.159652872135796,0.655160135383319,-1.77674606457419
-0.0201019685316807,3.6,0,12,0.820148579676502,0.721995973277704,0.680694255728408,0.775800676916593,0.223253935425808,-0.899257101617488,-0.278004026722296,-0.159652872135796,0.655160135383319,-1.77674606457419
-0.0178592704252893,5.05,0,12,0.820148579676502,0.721995973277704,0.680694255728408,0.775800676916593,0.223253935425808,-0.899257101617488,-0.278004026722296,-0.159652872135796,0.655160135383319,-1.77674606457419
-0.0205529390464226,3.1,0.05,12,0.820148579676502,0.721995973277704,0.680694255728408,0.775800676916593,0.223253935425808,-0.899257101617488,-0.278004026722296,-0.159652872135796,0.655160135383319,-1.77674606457419
-0.0191160795566254,3.975,0.125,12,0.820148579676502,0.721995973277704,0.680694255728408,0.775800676916593,0.223253935425808,-0.899257101617488,-0.278004026722296,-0.159652872135796,0.655160135383319,-1.77674606457419
-0.0206955520971637,4.075,0.075,12,0.820148579676502,0.721995973277704,0.680694255728408,0.775800676916593,0.223253935425808,-0.899257101617488,-0.278004026722296,-0.159652872135796,0.655160135383319,-1.77674606457419
-0.028919280071041,1.05,0,13,0.0428261303875063,0.265979353288588,0.127811159406389,0.245578364801726,0.0905157620519666,-4.78586934806247,-0.734020646711412,-0.436094420296805,0.549115672960345,-1.90948423794803
-0.0274903197250423,1.875,0.05,13,0.0428261303875063,0.265979353288588,0.127811159406389,0.245578364801726,0.0905157620519666,-4.78586934806247,-0.734020646711412,-0.436094420296805,0.549115672960345,-1.90948423794803
-0.0278685417649498,2.525,0,13,0.0428261303875063,0.265979353288588,0.127811159406389,0.245578364801726,0.0905157620519666,-4.78586934806247,-0.734020646711412,-0.436094420296805,0.549115672960345,-1.90948423794803
-0.0283300933359432,1.65,0,13,0.0428261303875063,0.265979353288588,0.127811159406389,0.245578364801726,0.0905157620519666,-4.78586934806247,-0.734020646711412,-0.436094420296805,0.549115672960345,-1.90948423794803
-0.0283300933359432,2,0,13,0.0428261303875063,0.265979353288588,0.127811159406389,0.245578364801726,0.0905157620519666,-4.78586934806247,-0.734020646711412,-0.436094420296805,0.549115672960345,-1.90948423794803
-0.0284858570797091,0.95,0,13,0.0428261303875063,0.265979353288588,0.127811159406389,0.245578364801726,0.0905157620519666,-4.78586934806247,-0.734020646711412,-0.436094420296805,0.549115672960345,-1.90948423794803
-0.028919280071041,2.05,0,13,0.0428261303875063,0.265979353288588,0.127811159406389,0.245578364801726,0.0905157620519666,-4.78586934806247,-0.734020646711412,-0.436094420296805,0.549115672960345,-1.90948423794803
-0.0276409225901269,1,0,13,0.0428261303875063,0.265979353288588,0.127811159406389,0.245578364801726,0.0905157620519666,-4.78586934806247,-0.734020646711412,-0.436094420296805,0.549115672960345,-1.90948423794803
-0.0271918087157444,1.25,0,13,0.0428261303875063,0.265979353288588,0.127811159406389,0.245578364801726,0.0905157620519666,-4.78586934806247,-0.734020646711412,-0.436094420296805,0.549115672960345,-1.90948423794803
-0.0278685417649498,1.5,0,13,0.0428261303875063,0.265979353288588,0.127811159406389,0.245578364801726,0.0905157620519666,-4.78586934806247,-0.734020646711412,-0.436094420296805,0.549115672960345,-1.90948423794803
-0.013812901270505,26.475,3.1,14,0.892395807646348,0.100805316403109,0.858809371595271,0.517485519787962,0.884722435181694,-0.53802096176826,-0.899194683596891,-0.0705953142023645,0.603497103957592,-1.11527756481831
-0.0181417593066376,71.725,11.75,14,0.892395807646348,0.100805316403109,0.858809371595271,0.517485519787962,0.884722435181694,-0.53802096176826,-0.899194683596891,-0.0705953142023645,0.603497103957592,-1.11527756481831
-0.0156605887129259,57.875,8.125,14,0.892395807646348,0.100805316403109,0.858809371595271,0.517485519787962,0.884722435181694,-0.53802096176826,-0.899194683596891,-0.0705953142023645,0.603497103957592,-1.11527756481831
-0.0154278123570987,51.675,6.675,14,0.892395807646348,0.100805316403109,0.858809371595271,0.517485519787962,0.884722435181694,-0.53802096176826,-0.899194683596891,-0.0705953142023645,0.603497103957592,-1.11527756481831
-0.0168336138315941,51.375,8.4,14,0.892395807646348,0.100805316403109,0.858809371595271,0.517485519787962,0.884722435181694,-0.53802096176826,-0.899194683596891,-0.0705953142023645,0.603497103957592,-1.11527756481831
-0.0174288800489371,37.975,7.425,14,0.892395807646348,0.100805316403109,0.858809371595271,0.517485519787962,0.884722435181694,-0.53802096176826,-0.899194683596891,-0.0705953142023645,0.603497103957592,-1.11527756481831
-0.0149686626284615,43.9,6.15,14,0.892395807646348,0.100805316403109,0.858809371595271,0.517485519787962,0.884722435181694,-0.53802096176826,-0.899194683596891,-0.0705953142023645,0.603497103957592,-1.11527756481831
-0.0156372133021533,37.325,5,14,0.892395807646348,0.100805316403109,0.858809371595271,0.517485519787962,0.884722435181694,-0.53802096176826,-0.899194683596891,-0.0705953142023645,0.603497103957592,-1.11527756481831
-0.0133608872351281,44.475,5.675,14,0.892395807646348,0.100805316403109,0.858809371595271,0.517485519787962,0.884722435181694,-0.53802096176826,-0.899194683596891,-0.0705953142023645,0.603497103957592,-1.11527756481831
-0.018532188897197,59.65,10.45,14,0.892395807646348,0.100805316403109,0.858809371595271,0.517485519787962,0.884722435181694,-0.53802096176826,-0.899194683596891,-0.0705953142023645,0.603497103957592,-1.11527756481831
-0.0288399149250217,1.125,0,15,0.277493967552714,0.894425369632829,0.223463407451553,0.205536747961083,0.286351920626614,-3.61253016223643,-0.105574630367171,-0.388268296274223,0.541107349592217,-1.71364807937339
-0.0269702415342982,2.425,0,15,0.277493967552714,0.894425369632829,0.223463407451553,0.205536747961083,0.286351920626614,-3.61253016223643,-0.105574630367171,-0.388268296274223,0.541107349592217,-1.71364807937339
-0.0272289282474339,2.675,0,15,0.277493967552714,0.894425369632829,0.223463407451553,0.205536747961083,0.286351920626614,-3.61253016223643,-0.105574630367171,-0.388268296274223,0.541107349592217,-1.71364807937339
-0.0282139041260295,1.725,0,15,0.277493967552714,0.894425369632829,0.223463407451553,0.205536747961083,0.286351920626614,-3.61253016223643,-0.105574630367171,-0.388268296274223,0.541107349592217,-1.71364807937339
-0.0281367435709498,2.425,0,15,0.277493967552714,0.894425369632829,0.223463407451553,0.205536747961083,0.286351920626614,-3.61253016223643,-0.105574630367171,-0.388268296274223,0.541107349592217,-1.71364807937339
-0.0282913035686577,1.375,0,15,0.277493967552714,0.894425369632829,0.223463407451553,0.205536747961083,0.286351920626614,-3.61253016223643,-0.105574630367171,-0.388268296274223,0.541107349592217,-1.71364807937339
-0.028603320099248,2.25,0.05,15,0.277493967552714,0.894425369632829,0.223463407451553,0.205536747961083,0.286351920626614,-3.61253016223643,-0.105574630367171,-0.388268296274223,0.541107349592217,-1.71364807937339
-0.0275278854721557,1.15,0,15,0.277493967552714,0.894425369632829,0.223463407451553,0.205536747961083,0.286351920626614,-3.61253016223643,-0.105574630367171,-0.388268296274223,0.541107349592217,-1.71364807937339
-0.0268601899992823,1.75,0,15,0.277493967552714,0.894425369632829,0.223463407451553,0.205536747961083,0.286351920626614,-3.61253016223643,-0.105574630367171,-0.388268296274223,0.541107349592217,-1.71364807937339
-0.0276031867339055,1.7,0,15,0.277493967552714,0.894425369632829,0.223463407451553,0.205536747961083,0.286351920626614,-3.61253016223643,-0.105574630367171,-0.388268296274223,0.541107349592217,-1.71364807937339
