"","X","V1","V2"
"1",1,2,17.8533446157
"2",2,2.1,23.5560199074
"3",3,2.2,27.9022697709
"4",4,2.3,13.3101996577
"5",5,2.4,19.5838338408
"6",6,2.5,17.4365738542
"7",7,2.6,20.1343304886
"8",8,2.7,21.0808189955
"9",9,2.8,5.8549266822
"10",10,2.9,18.4264193115
"11",1,3,27.4053208457
"12",2,3.1,27.6782872936
"13",3,3.2,23.4575371526
"14",4,3.3,28.6084355461
"15",5,3.4,14.8954585112
"16",6,3.5,20.0127293869
"17",7,3.6,20.6146663118
"18",8,3.7,24.4869828533
"19",9,3.8,24.9179728246
"20",10,3.9,26.8405530126
"21",11,3.1,23.6665454567
"22",12,3.11,26.8317630817
"23",13,3.12,24.4762752493
"24",14,3.13,26.4857186208
"25",15,3.14,12.2701662301
"26",16,3.15,22.7725954233
"27",17,3.16,23.4763905448
"28",18,3.17,19.3667948739
"29",19,3.18,20.0235668664
"30",20,3.19,24.0393643554
"31",21,3.2,15.6390635426
"32",22,3.21,13.6035096174
"33",23,3.22,20.870362901
"34",24,3.23,19.2199593845
"35",25,3.24,22.8647725417
"36",26,3.25,18.3819098906
"37",27,3.26,20.7334647714
"38",28,3.27,25.5774986022
"39",29,3.28,21.8777461382
"40",30,3.29,23.2943559049
"41",31,3.3,18.0347491864
"42",32,3.31,23.2413042544
"43",33,3.32,24.7972904161
"44",34,3.33,22.0128752947
"45",35,3.34,6.0294920565
"46",36,3.35,21.5506734183
"47",37,3.36,19.3965787431
"48",38,3.37,17.4800160932
"49",39,3.38,21.3257849212
"50",40,3.39,21.9312901463
"51",41,3.4,23.2646893962
"52",42,3.41,20.3358235465
"53",43,3.42,18.3501339754
"54",44,3.43,17.4640364523
"55",45,3.44,25.7891733905
"56",46,3.45,19.8331732526
"57",47,3.46,23.9921910835
"58",48,3.47,21.951239824
"59",49,3.48,22.2415558267
"60",50,3.49,24.5907773176
"61",51,3.5,25.2372394324
"62",52,3.51,22.638348481
"63",53,3.52,18.4036128507
"64",54,3.53,22.6404014488
"65",55,3.54,15.6785798967
"66",56,3.55,16.9363524398
"67",57,3.56,24.84511692
"68",58,3.57,24.1683321616
"69",59,3.58,15.5252049347
"70",60,3.59,20.9062703361
"71",61,3.6,19.3575412065
"72",62,3.61,24.2499754135
"73",63,3.62,19.2131734607
"74",64,3.63,20.3508499474
"75",65,3.64,19.9776034608
"76",66,3.65,16.3136335504
"77",67,3.66,24.8265307246
"78",68,3.67,21.1798191539
"79",69,3.68,22.8213101007
"80",70,3.69,20.1100303881
"81",71,3.7,19.1312801596
"82",72,3.71,23.1068448841
"83",73,3.72,24.7205690015
"84",74,3.73,15.994269454
"85",75,3.74,9.9901862619
"86",76,3.75,19.0712935093
"87",77,3.76,22.0083803234
"88",78,3.77,22.6764628778
"89",79,3.78,24.6243111976
"90",80,3.79,16.6394825344
"91",81,3.8,22.0590995839
"92",82,3.81,21.8859882604
"93",83,3.82,22.7445367167
"94",84,3.83,22.5119103424
"95",85,3.84,23.4016418155
"96",86,3.85,19.9554481733
"97",87,3.86,16.7589579465
"98",88,3.87,23.0630257077
"99",89,3.88,11.4493192833
"100",90,3.89,20.3952604715
"101",91,3.9,18.0771846936
"102",92,3.91,20.6830112835
"103",93,3.92,24.2772869776
"104",94,3.93,17.3108890022
"105",95,3.94,12.9794456844
"106",96,3.95,12.0897128553
"107",97,3.96,13.9587160624
"108",98,3.97,21.2396769823
"109",99,3.98,21.4891409329
"110",100,3.99,21.6246495409
"111",101,3.1,9.9879498283
"112",102,3.101,18.5672433662
"113",103,3.102,21.7868509708
"114",104,3.103,10.1554873055
"115",105,3.104,16.6068704193
"116",106,3.105,22.9642458018
"117",107,3.106,13.4667523981
"118",108,3.107,13.9304789754
"119",109,3.108,18.5875243174
"120",110,3.109,9.4863972053
"121",111,3.11,20.9453873272
"122",112,3.111,19.229773547
"123",113,3.112,16.493300454
"124",114,3.113,21.274568752
"125",115,3.114,20.4711604698
"126",116,3.115,18.6838693637
"127",117,3.116,20.7822888976
"128",118,3.117,12.6615136643
"129",119,3.118,14.8317881341
"130",120,3.119,20.9267803496
"131",121,3.12,11.2872591209
"132",122,3.121,16.1272730695
"133",123,3.122,22.9773218265
"134",124,3.123,21.1377213905
"135",125,3.124,17.3827586834
"136",126,3.125,19.5902984317
"137",127,3.126,13.3557747418
"138",128,3.127,22.5959647053
"139",129,3.128,11.1086741375
"140",130,3.129,12.5307110414
"141",131,3.13,21.3100433587
"142",132,3.131,20.9989466201
"143",133,3.132,21.6596026706
"144",134,3.133,9.3614829728
"145",135,3.134,13.6827836102
"146",136,3.135,11.2924018199
"147",137,3.136,17.9398509247
"148",138,3.137,15.7623953492
"149",139,3.138,21.8728189792
"150",140,3.139,17.0864001002
"151",141,3.14,19.909183324
"152",142,3.141,17.8182636905
"153",143,3.142,20.3084890219
"154",144,3.143,20.5853719843
"155",145,3.144,15.7980619541
"156",146,3.145,20.7927424478
"157",147,3.146,5.4462637179
"158",148,3.147,11.6745979576
"159",149,3.148,11.3062335797
"160",150,3.149,8.8017889849
"161",151,3.15,16.1060944732
"162",152,3.151,18.8870552005
"163",153,3.152,18.961625236
"164",154,3.153,17.3315476261
"165",155,3.154,15.7691517293
"166",156,3.155,16.178735157
"167",157,3.156,19.3993421866
"168",158,3.157,19.3863669301
"169",159,3.158,20.9701142815
"170",160,3.159,18.0126399277
"171",161,3.16,20.5119846831
"172",162,3.161,19.2693834767
"173",163,3.162,14.5383952881
"174",164,3.163,9.7520698772
"175",165,3.164,16.6017538672
"176",166,3.165,19.4575987188
"177",167,3.166,11.2322464905
"178",168,3.167,13.8032814504
"179",169,3.168,14.2538276134
"180",170,3.169,15.3003180155
"181",171,3.17,16.8172938571
"182",172,3.171,16.6681785875
"183",173,3.172,18.9116451925
"184",174,3.173,15.7451334416
"185",175,3.174,12.3579770748
"186",176,3.175,19.0324194971
"187",177,3.176,16.8870169893
"188",178,3.177,17.8839929126
"189",179,3.178,16.4505034753
"190",180,3.179,18.9018460673
"191",181,3.18,11.9723698106
"192",182,3.181,19.0243277371
"193",183,3.182,17.3727074202
"194",184,3.183,15.3851275282
"195",185,3.184,12.8841722258
"196",186,3.185,0
"197",187,3.186,4.6145344623
"198",188,3.187,17.6391727488
"199",189,3.188,9.1955142625
"200",190,3.189,8.4691707438
"201",191,3.19,13.4969834762
"202",192,3.191,14.48683001
"203",193,3.192,5.9225978483
"204",194,3.193,10.0631459679
"205",195,3.194,15.7568149411
"206",196,3.195,15.6825419848
"207",197,3.196,13.1171464075
"208",198,3.197,14.0852157718
"209",199,3.198,11.3403210783
"210",200,3.199,10.2708736738
"211",201,3.2,5.5868774963
"212",202,3.201,11.9679488294
"213",203,3.202,12.9881127919
"214",204,3.203,12.1978685767
"215",205,3.204,6.4742947913
"216",206,3.205,7.9799865678
"217",207,3.206,8.0766410485
"218",208,3.207,11.2061523219
"219",209,3.208,9.8023790462
"220",210,3.209,9.8400088718
"221",211,3.21,8.7213113784
"222",212,3.211,5.8917851094
"223",1,8,21.0013512844
"224",2,8.1,26.9470902908
"225",3,8.2,25.0551163851
"226",4,8.3,22.0833681653
"227",5,8.4,26.1477193104
"228",6,8.5,21.9199617196
"229",7,8.6,23.4443924085
"230",8,8.7,19.3795225924
"231",9,8.8,24.4322725519
"232",10,8.9,22.9078821438
"233",11,8.1,18.9684508196
"234",12,8.11,21.0972377586
"235",13,8.12,26.1040309294
"236",14,8.13,24.478067754
"237",15,8.14,22.2221299412
"238",16,8.15,23.6629679509
"239",17,8.16,20.3636871866
"240",18,8.17,21.5882221838
"241",19,8.18,17.1765600717
"242",20,8.19,19.7744729598
"243",1,10,23.0061776136
"244",2,10.1,20.1034598745
"245",3,10.2,22.9930085193
"246",4,10.3,26.1458526825
"247",5,10.4,18.0457597695
"248",6,10.5,13.0711114012
"249",7,10.6,11.6084785915
"250",8,10.7,12.3820243206
"251",9,10.8,18.8765992319
"252",10,10.9,15.1369237403
"253",1,12,27.8381489413
"254",2,12.1,26.5034871816
"255",3,12.2,22.9898537998
"256",4,12.3,22.6801233694
"257",5,12.4,19.9059870587
"258",6,12.5,22.014389678
"259",7,12.6,16.7258694704
"260",8,12.7,24.4779961382
"261",9,12.8,22.0875402821
"262",10,12.9,21.0477465046
"263",11,12.1,17.0617311669
"264",12,12.11,14.2455675696
"265",13,12.12,12.276396864
"266",14,12.13,18.5151465862
"267",15,12.14,10.1699167346
"268",16,12.15,20.1267934492
"269",17,12.16,10.6169623211
"270",18,12.17,14.0519278248
"271",19,12.18,17.7656708
"272",20,12.19,18.4835617082
"273",21,12.2,15.0018429638
"274",22,12.21,16.9078755294
"275",23,12.22,11.7192980956
"276",24,12.23,14.3269173019
"277",25,12.24,15.5641615617
"278",26,12.25,10.6068424006
"279",27,12.26,9.5226076128
"280",28,12.27,16.690088356
"281",29,12.28,15.5164487385
"282",30,12.29,12.2182924604
"283",31,12.3,12.0341383589
"284",32,12.31,11.9905596202
"285",33,12.32,14.8855559551
"286",1,16,28.0239110029
"287",2,16.1,20.7955974738
"288",3,16.2,15.2061046013
"289",4,16.3,23.6700955065
"290",5,16.4,26.9513755777
"291",6,16.5,13.1947241327
"292",7,16.6,21.6909625419
"293",8,16.7,22.3233393009
"294",9,16.8,23.1585413474
"295",10,16.9,24.0572690741
"296",11,16.1,23.7695805259
"297",12,16.11,21.8072114829
"298",13,16.12,20.3868390371
"299",1,19,29.2334508559
"300",2,19.1,22.2013412121
"301",3,19.2,24.9569187137
"302",4,19.3,21.6242641382
"303",5,19.4,25.2562027717
"304",6,19.5,14.8081804191
"305",7,19.6,28.2095504033
"306",8,19.7,26.7421182428
"307",9,19.8,27.3266383174
"308",10,19.9,24.9852299873
"309",11,19.1,23.925331772
"310",12,19.11,18.4442481926
"311",13,19.12,27.6821645807
"312",14,19.13,24.1675199786
"313",15,19.14,28.5735220982
"314",16,19.15,20.0808168081
"315",17,19.16,28.2523825063
"316",18,19.17,28.1706639447
"317",19,19.18,26.9896952919
"318",20,19.19,18.5831074719
"319",21,19.2,23.9509475709
"320",22,19.21,25.0732431643
"321",23,19.22,25.0991386952
"322",24,19.23,16.2403829316
"323",25,19.24,28.4694036756
"324",26,19.25,19.9325718074
"325",27,19.26,16.9730700737
"326",28,19.27,15.9880612805
"327",29,19.28,24.6553392183
"328",30,19.29,23.6135608908
"329",31,19.3,27.1805940839
"330",32,19.31,24.9816939149
"331",33,19.32,18.2229309313
"332",34,19.33,21.2154101713
"333",35,19.34,15.5649036606
"334",36,19.35,10.6297912948
"335",37,19.36,25.1772157072
"336",38,19.37,19.9585836001
"337",39,19.38,19.9686209618
"338",40,19.39,24.6211007501
"339",41,19.4,24.0494529257
"340",42,19.41,24.0915579393
"341",43,19.42,25.0020704704
"342",44,19.43,25.1901401562
"343",45,19.44,27.7293868867
"344",46,19.45,24.1166884914
"345",47,19.46,26.6670483496
"346",48,19.47,26.0608862287
"347",49,19.48,22.0419434382
"348",50,19.49,22.6130644843
"349",51,19.5,21.4770410147
"350",52,19.51,17.7930066747
"351",53,19.52,27.2427460942
"352",54,19.53,20.2138608246
"353",55,19.54,19.7331206773
"354",56,19.55,27.3244420666
"355",57,19.56,22.5159487694
"356",58,19.57,27.3382120054
"357",59,19.58,25.923207115
"358",60,19.59,25.574651411
"359",61,19.6,25.3497062987
"360",62,19.61,24.0458615134
"361",63,19.62,20.211530537
"362",64,19.63,25.3769174969
"363",65,19.64,15.879439374
"364",66,19.65,9.8608364534
"365",67,19.66,26.0215644516
"366",68,19.67,25.2709559655
"367",69,19.68,24.7367677735
"368",70,19.69,24.2347384221
"369",71,19.7,19.4979679144
"370",72,19.71,23.0864731862
"371",73,19.72,17.2008308461
"372",74,19.73,19.9858126668
"373",75,19.74,24.4610312845
"374",76,19.75,22.2724915533
"375",77,19.76,19.1176833664
"376",78,19.77,22.7208634816
"377",79,19.78,24.9202941076
"378",80,19.79,22.8829954946
"379",81,19.8,26.9651034837
"380",82,19.81,26.5314885993
"381",83,19.82,13.6565435744
"382",84,19.83,15.9690296928
"383",85,19.84,12.9820702597
"384",86,19.85,18.8682872083
"385",87,19.86,25.3225629804
"386",88,19.87,13.1678360586
"387",89,19.88,21.9745182101
"388",90,19.89,21.3613894961
"389",91,19.9,20.5253197072
"390",92,19.91,25.823926284
"391",93,19.92,25.3176892448
"392",94,19.93,24.6810919387
"393",95,19.94,18.8303427625
"394",96,19.95,9.0823235434
"395",97,19.96,5.6279478542
"396",98,19.97,10.6715615268
"397",99,19.98,23.8825658822
"398",100,19.99,25.5952540622
"399",101,19.1,25.5711024958
"400",102,19.101,25.8717667643
"401",103,19.102,17.9823188513
"402",104,19.103,23.3949077484
"403",105,19.104,21.963009682
"404",106,19.105,20.1481584222
"405",107,19.106,20.8816011557
"406",108,19.107,25.7350918943
"407",109,19.108,23.6892164192
"408",110,19.109,24.7400235714
"409",111,19.11,25.3619082514
"410",112,19.111,14.2203889146
"411",113,19.112,19.8195289571
"412",114,19.113,24.9362510186
"413",115,19.114,25.897006053
"414",116,19.115,22.2153779432
"415",117,19.116,23.6777914462
"416",118,19.117,25.2797569599
"417",119,19.118,20.127927231
"418",120,19.119,18.093726471
"419",121,19.12,24.2015716197
"420",122,19.121,23.673419148
"421",123,19.122,16.82928474
"422",124,19.123,17.4335437086
"423",125,19.124,25.8310855322
"424",126,19.125,19.4671145667
"425",127,19.126,23.3190201128
"426",128,19.127,21.6302403321
"427",129,19.128,14.454249028
"428",130,19.129,25.5336290571
"429",131,19.13,25.0054729151
"430",132,19.131,17.236220333
"431",133,19.132,10.0133616223
"432",134,19.133,22.9082283985
"433",135,19.134,20.5556718956
"434",136,19.135,15.7129236346
"435",137,19.136,22.2849519502
"436",138,19.137,25.3441849522
"437",139,19.138,24.1944150673
"438",140,19.139,24.5402153402
"439",141,19.14,24.2850105604
"440",142,19.141,21.8122928715
"441",143,19.142,24.7769801007
"442",144,19.143,23.5567361337
"443",145,19.144,22.7574812555
"444",146,19.145,7.8926177249
"445",147,19.146,22.0323694187
"446",148,19.147,14.6451513263
"447",149,19.148,19.6203452949
"448",150,19.149,15.4852405416
"449",151,19.15,24.2551476288
"450",152,19.151,24.7000018844
"451",153,19.152,23.9884232695
"452",154,19.153,16.6913643258
"453",155,19.154,23.7992248205
"454",156,19.155,20.3888433688
"455",157,19.156,21.1669580798
"456",158,19.157,24.4230886909
"457",159,19.158,10.891112944
"458",160,19.159,15.6209952882
"459",161,19.16,24.9137491268
"460",162,19.161,24.8471950923
"461",163,19.162,21.3481254093
"462",164,19.163,22.758521398
"463",165,19.164,21.2683070341
"464",166,19.165,17.9917176873
"465",167,19.166,19.2239016402
"466",168,19.167,21.5876365018
"467",169,19.168,23.75555509
"468",170,19.169,23.2074419875
"469",171,19.17,24.7511142594
"470",172,19.171,20.7825276451
"471",173,19.172,24.5381683533
"472",174,19.173,18.8510390876
"473",175,19.174,16.7247775436
"474",176,19.175,14.7319935277
"475",177,19.176,20.8713153201
"476",178,19.177,23.4305916835
"477",179,19.178,15.5848434367
"478",180,19.179,24.6334337592
"479",181,19.18,22.687567571
"480",182,19.181,22.6171125572
"481",183,19.182,17.4853366904
"482",184,19.183,19.5745482051
"483",185,19.184,20.2469822612
"484",186,19.185,24.6306321271
"485",187,19.186,24.6375589138
"486",188,19.187,24.8528919469
"487",189,19.188,23.8672789073
"488",190,19.189,21.9186569336
"489",191,19.19,22.8598488892
"490",192,19.191,23.569690719
"491",193,19.192,18.2253340382
"492",194,19.193,23.8025368832
"493",195,19.194,22.7871513852
"494",196,19.195,21.7879533174
"495",197,19.196,19.1712180057
"496",198,19.197,16.0762688414
"497",199,19.198,19.7026921807
"498",200,19.199,16.3550746185
"499",201,19.2,23.3914436716
"500",202,19.201,19.0783204987
"501",203,19.202,18.56124764
"502",204,19.203,23.454209448
"503",205,19.204,22.7713284825
"504",206,19.205,22.7017932737
"505",207,19.206,14.6423009205
"506",208,19.207,18.647342293
"507",209,19.208,20.3517932157
"508",210,19.209,18.2941543181
"509",211,19.21,22.1002117191
"510",212,19.211,13.0779528847
"511",213,19.212,20.5095756018
"512",214,19.213,17.118865614
"513",215,19.214,21.2422330752
"514",216,19.215,24.2535917002
"515",217,19.216,23.7932233122
"516",218,19.217,19.6592565499
"517",219,19.218,19.0500355891
"518",220,19.219,24.3146078376
"519",221,19.22,16.3302797
"520",222,19.221,19.8144034561
"521",223,19.222,21.2565419678
"522",224,19.223,20.9049626025
"523",225,19.224,23.7468490936
"524",226,19.225,22.1835366079
"525",227,19.226,11.3540786954
"526",228,19.227,20.8559823886
"527",229,19.228,19.2852051334
"528",230,19.229,21.5953283385
"529",231,19.23,21.5288891073
"530",232,19.231,23.8460109497
"531",233,19.232,22.535906403
"532",234,19.233,16.1461922245
"533",235,19.234,19.4248542475
"534",236,19.235,23.1961606232
"535",237,19.236,16.6457311026
"536",238,19.237,13.9792909582
"537",239,19.238,10.0375255172
"538",240,19.239,19.5793537082
"539",241,19.24,22.9054033715
"540",242,19.241,22.456414543
"541",243,19.242,16.9154470116
"542",244,19.243,14.5823668481
"543",245,19.244,17.06653031
"544",246,19.245,21.4238289735
"545",247,19.246,17.8475910987
"546",248,19.247,19.9308493959
"547",249,19.248,21.7041216559
"548",250,19.249,14.8055016592
"549",251,19.25,12.2255665921
"550",252,19.251,11.7512350201
"551",253,19.252,22.8325465122
"552",254,19.253,15.554977554
"553",255,19.254,21.8569541121
"554",256,19.255,14.956277501
"555",257,19.256,23.3330347277
"556",258,19.257,16.8119158725
"557",259,19.258,17.72934208
"558",260,19.259,18.5422416039
"559",261,19.26,18.9698326001
"560",262,19.261,9.5859257975
"561",263,19.262,22.7834414036
"562",264,19.263,20.4370215049
"563",265,19.264,21.5677795378
"564",266,19.265,19.9009378551
"565",267,19.266,16.8643377101
"566",268,19.267,20.1443025615
"567",269,19.268,19.1585500893
"568",270,19.269,21.5532862913
"569",271,19.27,18.285239175
"570",272,19.271,16.0042239454
"571",273,19.272,5.6970467589
"572",274,19.273,21.6690679359
"573",275,19.274,18.7987780996
"574",276,19.275,17.7807579054
"575",277,19.276,17.8018014051
"576",278,19.277,15.5850806852
"577",279,19.278,16.9720311775
"578",280,19.279,17.7049545831
"579",281,19.28,21.4233930779
"580",282,19.281,8.0298204673
"581",283,19.282,20.4618032802
"582",284,19.283,15.9047245047
"583",285,19.284,18.7334626693
"584",286,19.285,20.7886678262
"585",287,19.286,15.132898831
"586",288,19.287,17.5881259457
"587",289,19.288,14.5269316108
"588",290,19.289,16.9511597189
"589",291,19.29,19.365658769
"590",292,19.291,18.6660719985
"591",293,19.292,14.8990138501
"592",294,19.293,22.4877726816
"593",295,19.294,15.900356019
"594",296,19.295,21.160751807
"595",297,19.296,15.1339123791
"596",298,19.297,18.3814984843
"597",299,19.298,20.821000314
"598",300,19.299,21.6540861027
"599",301,19.3,18.0171082765
"600",302,19.301,17.0367351223
"601",303,19.302,21.2568558362
"602",304,19.303,8.3379269886
"603",305,19.304,16.2707006312
"604",306,19.305,21.106766071
"605",307,19.306,17.8091309407
"606",308,19.307,21.9488724112
"607",309,19.308,10.9913228235
"608",310,19.309,16.721394662
"609",311,19.31,20.075500252
"610",312,19.311,22.3101520325
"611",313,19.312,16.547994025
"612",314,19.313,20.8805406609
"613",315,19.314,17.8433504126
"614",316,19.315,14.6654580252
"615",317,19.316,16.478278235
"616",318,19.317,8.4833892135
"617",319,19.318,12.7672180228
"618",320,19.319,17.7762279396
"619",321,19.32,18.3555439231
"620",322,19.321,15.1973350851
"621",323,19.322,21.421583644
"622",324,19.323,20.087230922
"623",325,19.324,19.9828231518
"624",326,19.325,20.3814811111
"625",327,19.326,20.7288299439
"626",328,19.327,18.5779024936
"627",329,19.328,21.5843052404
"628",330,19.329,17.118991286
"629",331,19.33,21.4173479343
"630",332,19.331,19.0393999129
"631",333,19.332,19.5234668079
"632",334,19.333,15.6908743469
"633",335,19.334,21.1352126545
"634",336,19.335,21.6768527657
"635",337,19.336,19.2765256156
"636",338,19.337,20.5849085744
"637",339,19.338,21.3291485138
"638",340,19.339,20.7639701145
"639",341,19.34,19.5677557605
"640",342,19.341,20.4736540116
"641",343,19.342,21.2024900946
"642",344,19.343,21.465288117
"643",345,19.344,21.3295104867
"644",346,19.345,14.2326041657
"645",347,19.346,14.2802411271
"646",348,19.347,17.1575383589
"647",349,19.348,21.3822293895
"648",350,19.349,8.3445521092
"649",351,19.35,13.2689751314
"650",352,19.351,20.6598397904
"651",353,19.352,16.195496044
"652",354,19.353,15.0565404934
"653",355,19.354,15.9166296412
"654",356,19.355,21.6590791537
"655",357,19.356,17.0880747957
"656",358,19.357,21.3863862332
"657",359,19.358,21.6441418972
"658",360,19.359,15.7819964867
"659",361,19.36,10.1665975099
"660",362,19.361,16.5459476129
"661",363,19.362,18.3816475977
"662",364,19.363,8.4397688393
"663",365,19.364,14.1955183716
"664",366,19.365,10.1816983065
"665",367,19.366,19.4849219328
"666",368,19.367,18.3182852345
"667",369,19.368,14.6249964192
"668",370,19.369,16.9842470282
"669",371,19.37,15.2604991588
"670",372,19.371,15.3468640744
"671",373,19.372,15.7799213107
"672",374,19.373,14.057817427
"673",375,19.374,10.2527362926
"674",376,19.375,6.3683144507
"675",377,19.376,19.4963606849
"676",378,19.377,11.7282930837
"677",379,19.378,15.4686930573
"678",380,19.379,21.283390008
"679",381,19.38,17.7843870215
"680",382,19.381,19.5630974233
"681",383,19.382,17.9671854866
"682",384,19.383,13.457905555
"683",385,19.384,15.6985875083
"684",386,19.385,14.5080600548
"685",387,19.386,18.5948989138
"686",388,19.387,12.6558618101
"687",389,19.388,18.0040434517
"688",390,19.389,16.8382502044
"689",391,19.39,20.5331329147
"690",392,19.391,11.775622224
"691",393,19.392,20.7559492497
"692",394,19.393,19.9796711142
"693",395,19.394,13.850588449
"694",396,19.395,19.1264236163
"695",397,19.396,19.497985327
"696",398,19.397,19.7489421919
"697",399,19.398,14.5294676722
"698",400,19.399,18.6369517561
"699",401,19.4,13.1310955369
"700",402,19.401,18.7335312635
"701",403,19.402,19.6178748586
"702",404,19.403,18.2298986367
"703",405,19.404,15.9367830913
"704",406,19.405,18.5942599274
"705",407,19.406,15.1070455767
"706",408,19.407,19.5748663803
"707",409,19.408,18.9890424421
"708",410,19.409,15.7042945923
"709",411,19.41,13.1570662577
"710",412,19.411,11.2878313896
"711",413,19.412,6.4988336563
"712",414,19.413,11.6824716986
"713",415,19.414,16.8674937454
"714",416,19.415,20.1098246025
"715",417,19.416,19.7906730381
"716",418,19.417,18.2699768088
"717",419,19.418,14.3179436908
"718",420,19.419,20.3796689491
"719",421,19.42,17.7709273014
"720",422,19.421,14.5664775023
"721",423,19.422,19.4280275761
"722",424,19.423,19.5103246119
"723",425,19.424,16.9279106254
"724",426,19.425,17.238225168
"725",427,19.426,7.3106410232
"726",428,19.427,16.3674166185
"727",429,19.428,15.8941583883
"728",430,19.429,18.6401625042
"729",431,19.43,11.8645583237
"730",432,19.431,15.2041243296
"731",433,19.432,14.2206713924
"732",434,19.433,17.8382245539
"733",435,19.434,5.0452737093
"734",436,19.435,9.1563667492
"735",437,19.436,15.714871766
"736",438,19.437,14.3233941433
"737",439,19.438,13.7314077238
"738",440,19.439,18.8006661982
"739",441,19.44,15.0423834034
"740",442,19.441,5.2526884792
"741",443,19.442,12.4906511589
"742",444,19.443,18.6483506447
"743",445,19.444,15.2531627689
"744",446,19.445,16.2143039672
"745",447,19.446,16.1193942891
"746",448,19.447,12.0265676954
"747",449,19.448,18.5821016355
"748",450,19.449,11.832310306
"749",451,19.45,13.1852832061
"750",452,19.451,12.6939543044
"751",453,19.452,14.9619802528
"752",454,19.453,13.614784054
"753",455,19.454,19.3095711647
"754",456,19.455,11.6754558459
"755",457,19.456,19.6466382909
"756",458,19.457,18.3227247411
"757",459,19.458,16.4550749463
"758",460,19.459,5.5155991338
"759",461,19.46,18.8844361183
"760",462,19.461,16.8745323196
"761",463,19.462,14.0858298575
"762",464,19.463,6.6794940273
"763",465,19.464,13.0711182995
"764",466,19.465,12.7172541829
"765",467,19.466,15.9833669854
"766",468,19.467,15.9300873529
"767",469,19.468,16.1828105039
"768",470,19.469,15.9823281312
"769",471,19.47,17.3012878059
"770",472,19.471,17.2408537865
"771",473,19.472,7.0012891071
"772",474,19.473,17.1851735031
"773",475,19.474,18.9551262973
"774",476,19.475,17.0545732427
"775",477,19.476,13.3741517006
"776",478,19.477,14.7458712052
"777",479,19.478,12.1876457946
"778",480,19.479,15.7011440414
"779",481,19.48,0
"780",482,19.481,18.7562561696
"781",483,19.482,16.1588266991
"782",484,19.483,18.2412358777
"783",485,19.484,12.7150318972
"784",486,19.485,15.6842357874
"785",487,19.486,14.7980320831
"786",488,19.487,17.4173285547
"787",489,19.488,13.4478167338
"788",490,19.489,18.1951416096
"789",491,19.49,13.7331602158
"790",492,19.491,11.5350941772
"791",493,19.492,10.8406613331
"792",494,19.493,16.400114157
"793",495,19.494,14.3104817898
"794",496,19.495,17.4136060496
"795",497,19.496,17.0689445008
"796",498,19.497,12.7924501101
"797",499,19.498,6.9221424411
"798",500,19.499,13.3334879411
"799",501,19.5,14.6277267871
"800",502,19.501,13.3154872937
"801",503,19.502,7.3003960657
"802",504,19.503,17.5097832942
"803",505,19.504,16.7946551797
"804",506,19.505,16.3820608989
"805",507,19.506,14.774232485
"806",508,19.507,2.2753241933
"807",509,19.508,15.8824970415
"808",510,19.509,15.3129877275
"809",511,19.51,17.9831011998
"810",512,19.511,5.4014692685
"811",513,19.512,7.8915249048
"812",514,19.513,11.4766239473
"813",515,19.514,16.7925997579
"814",516,19.515,15.0927172964
"815",517,19.516,7.2647122361
"816",518,19.517,11.6429100569
"817",519,19.518,15.0103270147
"818",520,19.519,16.6653289522
"819",521,19.52,14.1738929209
"820",522,19.521,15.800481157
"821",523,19.522,15.0545312195
"822",524,19.523,13.6940028859
"823",525,19.524,16.4580201002
"824",526,19.525,15.0961258317
"825",527,19.526,12.1499652969
"826",528,19.527,12.2445718248
"827",529,19.528,7.8254814529
"828",530,19.529,5.456560581
"829",531,19.53,8.111677676
"830",532,19.531,16.5232697689
"831",533,19.532,10.8883135838
"832",534,19.533,16.2863027561
"833",535,19.534,17.1179807553
"834",536,19.535,11.1772942036
"835",537,19.536,16.3648226915
"836",538,19.537,15.4864986912
"837",539,19.538,6.0905831724
"838",540,19.539,10.5816269265
"839",541,19.54,16.0662427144
"840",542,19.541,14.8718631873
"841",543,19.542,11.4060761183
"842",544,19.543,9.9978045071
"843",545,19.544,14.8734254627
"844",546,19.545,17.3588630469
"845",547,19.546,16.5954344684
"846",548,19.547,16.5728613439
"847",549,19.548,12.4059256912
"848",550,19.549,14.1778950111
"849",551,19.55,13.9466808663
"850",552,19.551,12.8001816473
"851",553,19.552,13.1088900129
"852",554,19.553,6.184419569
"853",555,19.554,11.0099202435
"854",556,19.555,4.9371618615
"855",557,19.556,15.4615053654
"856",558,19.557,17.1278526958
"857",559,19.558,14.9497700444
"858",560,19.559,9.1637289409
"859",561,19.56,13.8083952148
"860",562,19.561,14.0261822631
"861",563,19.562,6.75029123
"862",564,19.563,11.060572995
"863",565,19.564,10.1924091902
"864",566,19.565,11.4051760551
"865",567,19.566,15.0994355115
"866",568,19.567,7.7624847635
"867",569,19.568,8.7494368352
"868",570,19.569,13.169656801
"869",571,19.57,13.5016797234
"870",572,19.571,10.3001635471
"871",573,19.572,12.9655933527
"872",574,19.573,14.2614184573
"873",575,19.574,10.6605077392
"874",576,19.575,13.845940311
"875",577,19.576,7.6293128444
"876",578,19.577,16.6173749681
"877",579,19.578,11.5469723417
"878",580,19.579,12.8400782527
"879",581,19.58,4.000708827
"880",582,19.581,8.2326471752
"881",583,19.582,12.4586669902
"882",584,19.583,8.0952381479
"883",585,19.584,10.5793003969
"884",586,19.585,12.8111918708
"885",587,19.586,13.1785786002
"886",588,19.587,15.8030899554
"887",589,19.588,7.8197556525
"888",590,19.589,12.8026150217
"889",591,19.59,9.9809983031
"890",592,19.591,15.162089671
"891",593,19.592,12.0906707999
"892",594,19.593,14.6626348359
"893",595,19.594,10.6668667827
"894",596,19.595,10.8424565855
"895",597,19.596,8.4687677044
"896",598,19.597,16.0429500191
"897",599,19.598,7.8390012832
"898",600,19.599,6.1001501482
"899",601,19.6,7.524584789
"900",602,19.601,13.9383470402
"901",603,19.602,15.1453067253
"902",604,19.603,11.0690259393
"903",605,19.604,13.087630123
"904",606,19.605,12.1831111381
"905",607,19.606,12.2928465164
"906",608,19.607,14.0233313403
"907",609,19.608,14.4071365316
"908",610,19.609,12.6896305757
"909",611,19.61,14.3727583055
"910",612,19.611,15.744056594
"911",613,19.612,14.0567549633
"912",614,19.613,14.4020565512
"913",615,19.614,15.8775926572
"914",616,19.615,13.8451836179
"915",617,19.616,8.44782765
"916",618,19.617,0
"917",619,19.618,13.1477580284
"918",620,19.619,8.5238657979
"919",621,19.62,13.0628242591
"920",622,19.621,14.6116573483
"921",623,19.622,0
"922",624,19.623,2.7806106666
"923",625,19.624,8.8214603423
"924",626,19.625,9.4793260377
"925",627,19.626,7.5210268098
"926",628,19.627,13.9264682175
"927",629,19.628,12.6120384177
"928",630,19.629,6.6956617986
"929",631,19.63,6.5448910765
"930",632,19.631,8.884761095
"931",633,19.632,9.3463546507
"932",634,19.633,9.8023708
"933",635,19.634,11.1145102188
"934",636,19.635,6.4203173005
"935",637,19.636,11.4274324881
"936",638,19.637,13.4515680121
"937",639,19.638,8.7073040008
"938",640,19.639,14.7916925182
"939",641,19.64,13.5417202102
"940",642,19.641,10.2949526459
"941",643,19.642,7.7442344779
"942",644,19.643,13.0414485785
"943",645,19.644,9.6872965187
"944",646,19.645,10.9803313008
"945",647,19.646,11.4672337131
"946",648,19.647,9.8904791848
"947",649,19.648,14.702240905
"948",650,19.649,13.6830661251
"949",651,19.65,8.6085829885
"950",652,19.651,11.3129319389
"951",653,19.652,14.755413917
"952",654,19.653,4.4987730141
"953",655,19.654,9.6656299278
"954",656,19.655,7.1221970377
"955",657,19.656,13.8924531976
"956",658,19.657,13.4278709308
"957",659,19.658,11.1643454693
"958",660,19.659,3.1852510101
"959",661,19.66,11.3213138485
"960",662,19.661,6.8312194074
"961",663,19.662,9.6702877069
"962",664,19.663,9.0926347352
"963",665,19.664,11.2258051417
"964",666,19.665,4.5433631043
"965",667,19.666,13.6010791935
"966",668,19.667,11.1523645847
"967",669,19.668,4.2837051049
"968",670,19.669,5.7622709562
"969",671,19.67,14.1740112726
"970",672,19.671,14.2939810489
"971",673,19.672,12.7714790113
"972",674,19.673,8.2588907984
"973",675,19.674,11.6135844864
"974",676,19.675,11.4107840589
"975",677,19.676,2.9156863508
"976",678,19.677,14.2554865688
"977",679,19.678,4.8990045429
"978",680,19.679,8.6736723917
"979",681,19.68,14.5589315449
"980",682,19.681,10.527066291
"981",683,19.682,7.8132746158
"982",684,19.683,3.1461737182
"983",685,19.684,8.8846118472
"984",686,19.685,9.7334442423
"985",687,19.686,7.9608825746
"986",688,19.687,7.9011411717
"987",689,19.688,11.6537985266
"988",690,19.689,4.6043446241
"989",691,19.69,10.0806305091
"990",692,19.691,12.3689900776
"991",693,19.692,9.0071368212
"992",694,19.693,12.1154822484
"993",695,19.694,7.2456127152
"994",696,19.695,9.4304033329
"995",697,19.696,12.9208243796
"996",698,19.697,2.9654849454
"997",699,19.698,13.9602989098
"998",700,19.699,5.6642702234
"999",701,19.7,8.4262177624
"1000",702,19.701,10.7848930404
"1001",703,19.702,13.2183652408
"1002",704,19.703,1.3170846494
"1003",705,19.704,14.0095431503
"1004",706,19.705,11.6054674714
"1005",707,19.706,3.2044669425
"1006",708,19.707,8.755189501
"1007",709,19.708,11.7973905543
"1008",710,19.709,11.7331619353
"1009",711,19.71,3.8624208365
"1010",712,19.711,13.0279983716
"1011",713,19.712,0
"1012",714,19.713,13.8716891571
"1013",715,19.714,4.5558082452
"1014",716,19.715,12.1441797882
"1015",717,19.716,4.6135116288
"1016",718,19.717,6.3589590893
"1017",719,19.718,11.2524222715
"1018",720,19.719,10.9736463243
"1019",721,19.72,13.2667099373
"1020",722,19.721,7.5825876943
"1021",723,19.722,13.1478360183
"1022",724,19.723,3.404670797
"1023",725,19.724,6.8363133189
"1024",726,19.725,10.1967426363
"1025",727,19.726,11.3428039914
"1026",728,19.727,0.550597689100002
"1027",729,19.728,13.7551273079
"1028",730,19.729,7.4684942302
"1029",731,19.73,11.1924516811
"1030",732,19.731,10.4745445227
"1031",733,19.732,13.2580698108
"1032",734,19.733,8.7339451216
"1033",735,19.734,6.6540661296
"1034",736,19.735,11.3284053937
"1035",737,19.736,8.7106668453
"1036",738,19.737,10.7355136811
"1037",739,19.738,8.5941414446
"1038",740,19.739,6.2599391601
"1039",741,19.74,8.9515088774
"1040",742,19.741,5.9504797337
"1041",743,19.742,13.1113911447
"1042",744,19.743,10.1818093201
"1043",745,19.744,4.9499485582
"1044",746,19.745,2.2199836144
"1045",747,19.746,12.9561362025
"1046",748,19.747,2.4142811467
"1047",749,19.748,8.2125637401
"1048",750,19.749,2.5075267505
"1049",751,19.75,10.9147962562
"1050",752,19.751,8.9208405531
"1051",753,19.752,2.6129489939
"1052",754,19.753,11.6858991693
"1053",755,19.754,11.0936389284
"1054",756,19.755,7.5710431729
"1055",757,19.756,3.7850766482
"1056",758,19.757,8.440698508
"1057",759,19.758,6.1773511963
"1058",760,19.759,13.0774216906
"1059",761,19.76,7.4072775069
"1060",762,19.761,12.5247440507
"1061",763,19.762,12.4983833906
"1062",764,19.763,4.0295469793
"1063",765,19.764,11.8805626757
"1064",766,19.765,10.9714414724
"1065",767,19.766,6.5002683083
"1066",768,19.767,5.1715930742
"1067",769,19.768,13.0148071598
"1068",770,19.769,10.0732131954
"1069",771,19.77,4.5869025025
"1070",772,19.771,12.1343294607
"1071",773,19.772,10.8253633122
"1072",774,19.773,11.85134975
"1073",775,19.774,11.7432329544
"1074",776,19.775,12.4872811817
"1075",777,19.776,13.1303416616
"1076",778,19.777,5.9790498039
"1077",779,19.778,11.6233951121
"1078",780,19.779,12.6578319504
"1079",781,19.78,9.1934715624
"1080",782,19.781,11.0962087411
"1081",783,19.782,4.3373326686
"1082",784,19.783,11.3446165449
"1083",785,19.784,3.9171619603
"1084",786,19.785,8.2397182986
"1085",787,19.786,10.4368314006
"1086",788,19.787,8.5313978638
"1087",789,19.788,7.0728749494
"1088",790,19.789,12.474375715
"1089",791,19.79,4.1874921576
"1090",792,19.791,12.5936894795
"1091",793,19.792,8.5534554893
"1092",794,19.793,11.9747089706
"1093",795,19.794,5.3820437793
"1094",796,19.795,8.697611083
"1095",797,19.796,8.9713209711
"1096",798,19.797,9.0931551239
"1097",799,19.798,12.6646134187
"1098",800,19.799,11.3814165673
"1099",801,19.8,6.2152727811
"1100",802,19.801,7.3126041783
"1101",803,19.802,10.3387633798
"1102",804,19.803,12.7724375109
"1103",805,19.804,8.5446914494
"1104",806,19.805,12.6976584467
"1105",807,19.806,11.2355723062
"1106",808,19.807,7.0453778792
"1107",809,19.808,5.7035586951
"1108",810,19.809,7.4782913425
"1109",811,19.81,0
"1110",812,19.811,12.7311267343
"1111",813,19.812,0
"1112",814,19.813,11.9699312238
"1113",815,19.814,10.6602460051
"1114",816,19.815,9.625354737
"1115",817,19.816,6.4729250962
"1116",818,19.817,4.4515744978
"1117",819,19.818,12.5293051147
"1118",820,19.819,9.4379666214
"1119",821,19.82,12.2131031965
"1120",822,19.821,11.2388513587
"1121",823,19.822,12.3322234168
"1122",824,19.823,12.5835901311
"1123",825,19.824,9.8347918097
"1124",826,19.825,0
"1125",827,19.826,4.0623318899
"1126",828,19.827,8.5704592791
"1127",829,19.828,8.0548766945
"1128",830,19.829,2.9842530175
"1129",831,19.83,5.5685114938
"1130",832,19.831,0
"1131",833,19.832,10.8852938885
"1132",834,19.833,0
"1133",835,19.834,0
"1134",836,19.835,2.235585477
"1135",837,19.836,9.8291792192
"1136",838,19.837,1.8177125912
"1137",839,19.838,10.3481110545
"1138",840,19.839,9.2889938841
"1139",841,19.84,10.7888970715
"1140",842,19.841,6.9516807546
"1141",843,19.842,2.2595144384
"1142",844,19.843,8.8274095931
"1143",845,19.844,10.9526470391
"1144",846,19.845,3.9040277251
"1145",847,19.846,11.3160058073
"1146",848,19.847,6.8459650161
"1147",849,19.848,8.3365838158
"1148",850,19.849,0.473516755299997
"1149",851,19.85,6.0733903071
"1150",852,19.851,4.6617405355
"1151",853,19.852,9.9490777355
"1152",854,19.853,7.7523427271
"1153",855,19.854,10.3199439788
"1154",856,19.855,9.0466643101
"1155",857,19.856,9.0611753533
"1156",858,19.857,8.4375419454
"1157",859,19.858,11.665222763
"1158",860,19.859,9.4086571124
"1159",861,19.86,4.9468361966
"1160",862,19.861,6.6658768347
"1161",863,19.862,10.8439459612
"1162",864,19.863,6.1119401091
"1163",865,19.864,0
"1164",866,19.865,8.6204398049
"1165",867,19.866,0
"1166",868,19.867,0.322646582600001
"1167",869,19.868,5.4815894912
"1168",870,19.869,10.0731889852
"1169",871,19.87,4.5706005863
"1170",872,19.871,10.9456166032
"1171",873,19.872,8.7299734506
"1172",874,19.873,5.8433171652
"1173",875,19.874,10.8504676037
"1174",876,19.875,8.9981897657
"1175",877,19.876,4.5034433818
"1176",878,19.877,11.4242905415
"1177",879,19.878,4.2979292902
"1178",880,19.879,9.4099305968
"1179",881,19.88,9.2981328972
"1180",882,19.881,1.6636341372
"1181",883,19.882,6.9705363318
"1182",884,19.883,4.9691172775
"1183",885,19.884,10.1530509802
"1184",886,19.885,10.9703014704
"1185",887,19.886,8.320250182
"1186",888,19.887,7.2235115086
"1187",889,19.888,11.0804115446
"1188",890,19.889,3.7552458178
"1189",891,19.89,6.1716306505
"1190",892,19.891,11.2387424794
"1191",893,19.892,10.470756624
"1192",894,19.893,3.7285883377
"1193",895,19.894,7.1440803514
"1194",896,19.895,11.3728539381
"1195",897,19.896,8.9708515751
"1196",898,19.897,0.385882545999998
"1197",899,19.898,5.5085983624
"1198",900,19.899,9.4550484636
"1199",901,19.9,9.9605257447
"1200",902,19.901,10.6748588213
"1201",903,19.902,8.8579238304
"1202",904,19.903,9.9531826511
"1203",905,19.904,0.0628020026000016
"1204",906,19.905,10.8872514108
"1205",907,19.906,3.5377637723
"1206",908,19.907,7.2008648806
"1207",909,19.908,4.8266928743
"1208",910,19.909,9.2941500577
"1209",911,19.91,6.71794918
"1210",912,19.911,0
"1211",913,19.912,4.3182317899
"1212",914,19.913,9.6423559175
"1213",915,19.914,11.0084075116
"1214",916,19.915,4.6921664703
"1215",917,19.916,10.9162260153
"1216",918,19.917,9.8868375313
"1217",919,19.918,7.802099658
"1218",920,19.919,8.3948826116
"1219",921,19.92,9.7822702965
"1220",922,19.921,6.3427146841
"1221",923,19.922,0
"1222",924,19.923,0
"1223",925,19.924,7.2136789083
"1224",926,19.925,9.3613937646
"1225",927,19.926,9.9680346239
"1226",928,19.927,0
"1227",929,19.928,9.8836336769
"1228",930,19.929,0.636654273799998
"1229",931,19.93,10.6685006968
"1230",932,19.931,1.6222870156
"1231",933,19.932,3.749493925
"1232",934,19.933,1.1227212778
"1233",935,19.934,3.0589860046
"1234",936,19.935,8.8370976472
"1235",937,19.936,5.7176419658
"1236",938,19.937,6.7385536121
"1237",939,19.938,9.4296547458
"1238",940,19.939,8.5351136024
"1239",941,19.94,2.0188265198
"1240",942,19.941,3.378135654
"1241",943,19.942,9.7479970143
"1242",944,19.943,8.2326414191
"1243",945,19.944,0
"1244",946,19.945,0.991532194400001
"1245",947,19.946,7.7682665423
"1246",948,19.947,8.2664557172
"1247",949,19.948,2.377990212
"1248",950,19.949,6.4094459943
"1249",951,19.95,0
"1250",952,19.951,1.9189112226
"1251",953,19.952,5.1797222163
"1252",954,19.953,0
"1253",955,19.954,0
"1254",956,19.955,5.7836830135
"1255",957,19.956,8.1802743838
"1256",958,19.957,0
"1257",959,19.958,9.9500710184
"1258",960,19.959,1.8512986837
"1259",961,19.96,2.1811749415
"1260",962,19.961,7.3601511035
"1261",963,19.962,6.4574260708
"1262",964,19.963,6.2657909974
"1263",965,19.964,0
"1264",966,19.965,0
"1265",967,19.966,8.739441551
"1266",968,19.967,0.256949262699997
"1267",969,19.968,0.146613969299999
"1268",970,19.969,8.7107274311
"1269",971,19.97,9.8342185171
"1270",972,19.971,6.9355657859
"1271",973,19.972,6.9406780824
"1272",974,19.973,5.8978797423
"1273",975,19.974,4.0183738174
"1274",976,19.975,9.936649291
"1275",977,19.976,0.3402828726
"1276",978,19.977,9.2142497126
"1277",979,19.978,10.0146990008
"1278",980,19.979,0
"1279",981,19.98,9.6440246574
"1280",982,19.981,3.8305876414
"1281",983,19.982,2.6573177336
"1282",984,19.983,0
"1283",985,19.984,6.8692754827
"1284",986,19.985,7.9748277417
"1285",987,19.986,8.8844567236
"1286",988,19.987,7.9882529235
"1287",989,19.988,3.7614115379
"1288",990,19.989,8.7126829503
"1289",991,19.99,5.3599951241
"1290",992,19.991,3.0087888694
"1291",993,19.992,6.467339746
"1292",994,19.993,0
"1293",995,19.994,0
"1294",996,19.995,0
"1295",997,19.996,0
"1296",998,19.997,3.3262117893
"1297",999,19.998,9.6546127461
"1298",1000,19.999,8.1015199047
"1299",1001,19.1,0.611655871099998
"1300",1002,19.1001,8.7390169584
"1301",1003,19.1002,9.5725537433
"1302",1004,19.1003,0
"1303",1005,19.1004,8.8156226843
"1304",1006,19.1005,8.0066395208
"1305",1007,19.1006,9.1862715665
"1306",1008,19.1007,4.2293159594
"1307",1009,19.1008,4.2982475156
"1308",1010,19.1009,7.0794851657
"1309",1011,19.101,6.8275329877
"1310",1012,19.1011,4.5327487549
"1311",1013,19.1012,1.3991135597
"1312",1014,19.1013,0
"1313",1015,19.1014,1.291875035
"1314",1016,19.1015,5.7860046907
"1315",1017,19.1016,7.3705893849
"1316",1018,19.1017,8.5641687065
"1317",1019,19.1018,1.6236500724
"1318",1020,19.1019,5.6303544637
"1319",1021,19.102,7.2253514394
"1320",1022,19.1021,8.9389596003
"1321",1023,19.1022,7.1564935616
"1322",1024,19.1023,1.1581783757
"1323",1025,19.1024,1.1397551102
"1324",1026,19.1025,3.8645721398
"1325",1027,19.1026,6.491397603
"1326",1028,19.1027,6.2139704028
"1327",1029,19.1028,7.2482534916
"1328",1030,19.1029,2.1799761724
"1329",1031,19.103,1.5540316204
"1330",1032,19.1031,7.8371450258
"1331",1033,19.1032,8.1424856401
"1332",1034,19.1033,2.8683004469
"1333",1035,19.1034,8.865098338
"1334",1036,19.1035,0
"1335",1037,19.1036,1.2591932746
"1336",1038,19.1037,2.621639495
"1337",1039,19.1038,8.4870870949
"1338",1040,19.1039,2.6633323333
"1339",1041,19.104,9.1610446465
"1340",1042,19.1041,2.5975444302
"1341",1043,19.1042,2.4849161624
"1342",1044,19.1043,2.5927596543
"1343",1045,19.1044,8.832715322
"1344",1046,19.1045,4.0384568818
"1345",1047,19.1046,0
"1346",1048,19.1047,4.1046151963
"1347",1049,19.1048,2.0436673328
"1348",1050,19.1049,2.2123969635
"1349",1051,19.105,6.5890192999
"1350",1052,19.1051,5.6136226747
"1351",1053,19.1052,1.4019482443
"1352",1054,19.1053,3.4567068635
"1353",1055,19.1054,7.2125909514
"1354",1056,19.1055,0
"1355",1057,19.1056,1.6331498592
"1356",1058,19.1057,6.8108819673
"1357",1059,19.1058,4.8769079025
"1358",1060,19.1059,8.5810924702
"1359",1061,19.106,0.758966852900002
"1360",1062,19.1061,0
"1361",1063,19.1062,0.917621331200003
"1362",1064,19.1063,5.2981181447
"1363",1065,19.1064,4.1827833851
"1364",1066,19.1065,0.481680937
"1365",1067,19.1066,8.9166394712
"1366",1068,19.1067,8.2842288058
"1367",1069,19.1068,1.5564352801
"1368",1070,19.1069,6.5114711021
"1369",1071,19.107,4.4138897525
"1370",1072,19.1071,6.9673491794
"1371",1073,19.1072,6.2245582684
"1372",1074,19.1073,8.6336689997
"1373",1075,19.1074,1.5382047624
"1374",1076,19.1075,6.8503400774
"1375",1077,19.1076,2.4406255945
"1376",1078,19.1077,2.2316742615
"1377",1079,19.1078,1.4873663338
"1378",1080,19.1079,3.459519633
"1379",1081,19.108,7.2806298146
"1380",1082,19.1081,0
"1381",1083,19.1082,7.8062462339
"1382",1084,19.1083,8.4260500272
"1383",1085,19.1084,3.9995762714
"1384",1086,19.1085,1.943914348
"1385",1087,19.1086,0
"1386",1088,19.1087,0
"1387",1089,19.1088,2.8342743873
"1388",1090,19.1089,5.8004103532
"1389",1091,19.109,0.203508709600001
"1390",1092,19.1091,4.316615998
"1391",1093,19.1092,2.4260547821
"1392",1094,19.1093,5.7222477109
"1393",1095,19.1094,7.5128852614
"1394",1096,19.1095,2.9172515938
"1395",1097,19.1096,4.4985788128
"1396",1098,19.1097,8.1604488243
"1397",1099,19.1098,5.3261350354
"1398",1100,19.1099,3.8450004226
"1399",1101,19.11,0.833045001499997
"1400",1102,19.1101,8.1692628561
"1401",1103,19.1102,5.2162577141
"1402",1104,19.1103,0.387039321099998
"1403",1105,19.1104,8.2221073574
"1404",1106,19.1105,2.8667608529
"1405",1107,19.1106,3.1062580453
"1406",1108,19.1107,0
"1407",1109,19.1108,0.551701084199998
"1408",1110,19.1109,7.9505255755
"1409",1111,19.111,4.4850391703
"1410",1112,19.1111,0.0052716208000021
"1411",1113,19.1112,0
"1412",1114,19.1113,0
"1413",1115,19.1114,1.5112869432
"1414",1116,19.1115,0
"1415",1117,19.1116,7.8555228991
"1416",1118,19.1117,7.4484686437
"1417",1119,19.1118,5.3876320255
"1418",1120,19.1119,0.366771631799999
"1419",1121,19.112,7.151702434
"1420",1122,19.1121,3.5404299102
"1421",1123,19.1122,7.5927760037
"1422",1124,19.1123,6.8404833751
"1423",1125,19.1124,0
"1424",1126,19.1125,6.4126644899
"1425",1127,19.1126,6.6614831059
"1426",1128,19.1127,0
"1427",1129,19.1128,7.8398463278
"1428",1130,19.1129,5.1049589288
"1429",1131,19.113,3.0137621072
"1430",1132,19.1131,0.3221201944
"1431",1133,19.1132,6.9431906196
"1432",1134,19.1133,2.1648313253
"1433",1135,19.1134,2.2165941769
"1434",1136,19.1135,0
"1435",1137,19.1136,5.0612330678
"1436",1138,19.1137,0
"1437",1139,19.1138,0
"1438",1140,19.1139,5.0700077461
"1439",1141,19.114,0.733149326000003
"1440",1142,19.1141,0
"1441",1143,19.1142,0
"1442",1144,19.1143,2.7267459415
"1443",1145,19.1144,4.3112418772
"1444",1146,19.1145,3.1201501743
"1445",1147,19.1146,5.9957165663
"1446",1148,19.1147,0.591995062499997
"1447",1149,19.1148,1.288107937
"1448",1150,19.1149,4.874819958
"1449",1151,19.115,2.6915490656
"1450",1152,19.1151,5.1522908778
"1451",1153,19.1152,2.1764319722
"1452",1154,19.1153,1.8294622827
"1453",1155,19.1154,5.4432731055
"1454",1156,19.1155,7.3735460667
"1455",1157,19.1156,6.4854419825
"1456",1158,19.1157,2.8636801803
"1457",1159,19.1158,6.8048384937
"1458",1160,19.1159,0
"1459",1161,19.116,4.1580971654
"1460",1162,19.1161,5.3193562487
"1461",1163,19.1162,7.0914415255
"1462",1164,19.1163,0
"1463",1165,19.1164,2.33065061
"1464",1166,19.1165,0
"1465",1167,19.1166,2.6917694605
"1466",1168,19.1167,7.0662396229
"1467",1169,19.1168,0.964767281599997
"1468",1170,19.1169,2.238166563
"1469",1171,19.117,0
"1470",1172,19.1171,4.6570810895
"1471",1173,19.1172,5.5792381436
"1472",1174,19.1173,0
"1473",1175,19.1174,6.2594744691
"1474",1176,19.1175,0
"1475",1177,19.1176,0
"1476",1178,19.1177,0
"1477",1179,19.1178,5.1342066091
"1478",1180,19.1179,5.1173023105
"1479",1181,19.118,2.4256284856
"1480",1182,19.1181,0
"1481",1183,19.1182,0.0782936437000004
"1482",1184,19.1183,0
"1483",1185,19.1184,0
"1484",1186,19.1185,0.744013688300001
"1485",1187,19.1186,6.9828217617
"1486",1188,19.1187,0.0344532655999998
"1487",1189,19.1188,0
"1488",1190,19.1189,3.9177122524
"1489",1191,19.119,3.3967330152
"1490",1192,19.1191,1.4884216872
"1491",1193,19.1192,4.236535504
"1492",1194,19.1193,3.024769733
"1493",1195,19.1194,5.0277964721
"1494",1196,19.1195,3.3494103371
"1495",1197,19.1196,5.7251430002
"1496",1198,19.1197,2.4768549834
"1497",1199,19.1198,3.5951876645
"1498",1200,19.1199,4.9096309324
"1499",1201,19.12,4.7296034058
"1500",1202,19.1201,0
"1501",1203,19.1202,6.2980324366
"1502",1204,19.1203,0
"1503",1205,19.1204,0
"1504",1206,19.1205,0
"1505",1207,19.1206,0
"1506",1208,19.1207,4.4520784138
"1507",1209,19.1208,0
"1508",1210,19.1209,5.1403242979
"1509",1211,19.121,4.8520910563
"1510",1212,19.1211,1.6020839054
"1511",1213,19.1212,0
"1512",1214,19.1213,5.3519965051
"1513",1215,19.1214,1.8325405527
"1514",1216,19.1215,0
"1515",1217,19.1216,5.8174688788
"1516",1218,19.1217,0.9517719993
"1517",1219,19.1218,6.4604898308
"1518",1220,19.1219,0
"1519",1221,19.122,0
"1520",1222,19.1221,0
"1521",1223,19.1222,0
"1522",1224,19.1223,1.1418248936
"1523",1225,19.1224,4.2138561914
"1524",1226,19.1225,5.6866418217
"1525",1227,19.1226,0
"1526",1228,19.1227,6.1877847342
"1527",1229,19.1228,6.2468639396
"1528",1230,19.1229,0
"1529",1231,19.123,2.1978582465
"1530",1232,19.1231,4.4602174238
"1531",1233,19.1232,0
"1532",1234,19.1233,0.101642298100003
"1533",1235,19.1234,5.910351651
"1534",1236,19.1235,0.275513610499999
"1535",1237,19.1236,3.2846491871
"1536",1238,19.1237,5.5547284025
"1537",1239,19.1238,5.5266457379
"1538",1240,19.1239,1.273797148
"1539",1241,19.124,1.414810172
"1540",1242,19.1241,6.5544633498
"1541",1243,19.1242,0
"1542",1244,19.1243,0
"1543",1245,19.1244,1.5400304525
"1544",1246,19.1245,0
"1545",1247,19.1246,0
"1546",1248,19.1247,4.7581737991
"1547",1249,19.1248,5.9956897832
"1548",1250,19.1249,2.2938917803
"1549",1251,19.125,0
"1550",1252,19.1251,0
"1551",1253,19.1252,0
"1552",1254,19.1253,6.0504643912
"1553",1255,19.1254,0
"1554",1256,19.1255,5.1279870083
"1555",1257,19.1256,5.9684980272
"1556",1258,19.1257,3.7425471011
"1557",1259,19.1258,5.4040172638
"1558",1260,19.1259,0
"1559",1261,19.126,2.6919255154
"1560",1262,19.1261,4.8870311852
"1561",1263,19.1262,6.0730548782
"1562",1264,19.1263,3.6386082783
"1563",1265,19.1264,0
"1564",1266,19.1265,0.473383152300002
"1565",1267,19.1266,1.7886366261
"1566",1268,19.1267,1.677793151
"1567",1269,19.1268,0
"1568",1270,19.1269,5.1022617961
"1569",1271,19.127,5.8439653969
"1570",1272,19.1271,0
"1571",1273,19.1272,0
"1572",1274,19.1273,6.0579769022
"1573",1275,19.1274,0
"1574",1276,19.1275,0
"1575",1277,19.1276,2.0727319551
"1576",1278,19.1277,4.4152661167
"1577",1279,19.1278,0.666127019400001
"1578",1280,19.1279,0
"1579",1281,19.128,0
"1580",1282,19.1281,2.3550539449
"1581",1283,19.1282,0
"1582",1284,19.1283,4.1145653463
"1583",1285,19.1284,4.4714410573
"1584",1286,19.1285,4.7173905281
"1585",1287,19.1286,0
"1586",1288,19.1287,0.511941678699998
"1587",1289,19.1288,4.2898473457
"1588",1290,19.1289,0
"1589",1291,19.129,4.4559555374
"1590",1292,19.1291,3.5581386253
"1591",1293,19.1292,0
"1592",1294,19.1293,0
"1593",1295,19.1294,0
"1594",1296,19.1295,1.4534291199
"1595",1297,19.1296,0
"1596",1298,19.1297,1.7382478335
"1597",1299,19.1298,0
"1598",1300,19.1299,0
"1599",1301,19.13,3.1553700536
"1600",1302,19.1301,4.2034856816
"1601",1303,19.1302,5.6452577843
"1602",1304,19.1303,2.4567671974
"1603",1305,19.1304,3.6580745253
"1604",1306,19.1305,0
"1605",1307,19.1306,4.0124561566
"1606",1308,19.1307,0
"1607",1309,19.1308,0
"1608",1310,19.1309,0.224214322199998
"1609",1311,19.131,0
"1610",1312,19.1311,0.129160064399997
"1611",1313,19.1312,3.8080213727
"1612",1314,19.1313,3.733623692
"1613",1315,19.1314,4.700387645
"1614",1316,19.1315,4.9626764372
"1615",1317,19.1316,4.4302967756
"1616",1318,19.1317,0
"1617",1319,19.1318,0
"1618",1320,19.1319,0
"1619",1321,19.132,1.0223615278
"1620",1322,19.1321,0.527170574800003
"1621",1323,19.1322,0
"1622",1324,19.1323,0
"1623",1325,19.1324,0
"1624",1326,19.1325,4.0491725632
"1625",1327,19.1326,0.871881246500003
"1626",1328,19.1327,0.0506884361000033
"1627",1329,19.1328,4.8601958342
"1628",1330,19.1329,4.4902690111
"1629",1331,19.133,0
"1630",1332,19.1331,0.819890745899997
"1631",1333,19.1332,2.3878949769
"1632",1334,19.1333,0
"1633",1335,19.1334,3.325978085
"1634",1336,19.1335,0.499442875200003
"1635",1337,19.1336,2.302738682
"1636",1338,19.1337,0
"1637",1339,19.1338,0
"1638",1340,19.1339,0
"1639",1341,19.134,0.388158229799998
"1640",1342,19.1341,2.4058224938
"1641",1343,19.1342,0
"1642",1344,19.1343,0
"1643",1345,19.1344,0
"1644",1346,19.1345,3.6644950326
"1645",1347,19.1346,0.862442804499999
"1646",1348,19.1347,0
"1647",1349,19.1348,0
"1648",1350,19.1349,0
"1649",1351,19.135,0
"1650",1352,19.1351,0
"1651",1353,19.1352,0
"1652",1354,19.1353,1.2586771594
"1653",1355,19.1354,0
"1654",1356,19.1355,4.8050480366
"1655",1357,19.1356,4.8939658804
"1656",1358,19.1357,0
"1657",1359,19.1358,0
"1658",1360,19.1359,3.7032314837
"1659",1361,19.136,0
"1660",1362,19.1361,0
"1661",1363,19.1362,0
"1662",1364,19.1363,0
"1663",1365,19.1364,3.8187253204
"1664",1366,19.1365,2.1573706006
"1665",1367,19.1366,0.221325735999997
"1666",1368,19.1367,0
"1667",1369,19.1368,0
"1668",1370,19.1369,2.8241820298
"1669",1371,19.137,0
"1670",1372,19.1371,2.7555140725
"1671",1373,19.1372,0
"1672",1374,19.1373,4.537087278
"1673",1375,19.1374,4.5173050164
"1674",1376,19.1375,0
"1675",1377,19.1376,0
"1676",1378,19.1377,1.9190081529
"1677",1379,19.1378,0
"1678",1380,19.1379,0
"1679",1381,19.138,2.7135682499
"1680",1382,19.1381,3.9822892402
"1681",1383,19.1382,0
"1682",1384,19.1383,4.4949463131
"1683",1385,19.1384,3.7571814878
"1684",1386,19.1385,0
"1685",1387,19.1386,0.254589902500001
"1686",1388,19.1387,4.7139612059
"1687",1389,19.1388,0
"1688",1390,19.1389,1.4270815976
"1689",1391,19.139,4.1447976536
"1690",1392,19.1391,3.1938180208
"1691",1393,19.1392,2.6543793056
"1692",1394,19.1393,0.342744010399997
"1693",1395,19.1394,0
"1694",1396,19.1395,0
"1695",1397,19.1396,0
"1696",1398,19.1397,0
"1697",1399,19.1398,0.191969394700003
"1698",1400,19.1399,0
"1699",1401,19.14,0
"1700",1402,19.1401,0
"1701",1403,19.1402,0
"1702",1404,19.1403,4.0502957797
"1703",1405,19.1404,3.527196703
"1704",1406,19.1405,0
"1705",1407,19.1406,0.438551054800001
"1706",1408,19.1407,0
"1707",1409,19.1408,0
"1708",1410,19.1409,2.2332549746
"1709",1411,19.141,4.1863219487
"1710",1412,19.1411,0
"1711",1413,19.1412,3.9619899046
"1712",1414,19.1413,3.9402090267
"1713",1415,19.1414,3.9717586493
"1714",1416,19.1415,0
"1715",1417,19.1416,4.3862019686
"1716",1418,19.1417,4.2307074305
"1717",1419,19.1418,4.0621310413
"1718",1420,19.1419,0
"1719",1421,19.142,0
"1720",1422,19.1421,0
"1721",1423,19.1422,0
"1722",1424,19.1423,1.5088113776
"1723",1425,19.1424,1.4072310499
"1724",1426,19.1425,0
"1725",1427,19.1426,0.727487876799998
"1726",1428,19.1427,3.8186711717
"1727",1429,19.1428,0
"1728",1430,19.1429,0
"1729",1431,19.143,4.0749933203
"1730",1432,19.1431,1.411291544
"1731",1433,19.1432,0
"1732",1434,19.1433,2.4310863726
"1733",1435,19.1434,0
"1734",1436,19.1435,0
"1735",1437,19.1436,1.216193151
"1736",1438,19.1437,1.7542812966
"1737",1439,19.1438,2.1059441072
"1738",1440,19.1439,0
"1739",1441,19.144,3.3197660529
"1740",1442,19.1441,1.4716708299
"1741",1443,19.1442,3.7847921807
"1742",1444,19.1443,0
"1743",1445,19.1444,3.8180936264
"1744",1446,19.1445,3.8049511041
"1745",1447,19.1446,0
"1746",1448,19.1447,3.1274679091
"1747",1449,19.1448,0
"1748",1450,19.1449,1.7440082869
"1749",1451,19.145,3.417476259
"1750",1452,19.1451,0
"1751",1453,19.1452,2.5451108111
"1752",1454,19.1453,0
"1753",1455,19.1454,0
"1754",1456,19.1455,0
"1755",1457,19.1456,2.0688613431
"1756",1458,19.1457,0
"1757",1459,19.1458,0
"1758",1460,19.1459,2.7619113935
"1759",1461,19.146,1.8144868517
"1760",1462,19.1461,0
"1761",1463,19.1462,0
"1762",1464,19.1463,1.2000451557
"1763",1465,19.1464,2.7216654009
"1764",1466,19.1465,0
"1765",1467,19.1466,0
"1766",1468,19.1467,0
"1767",1469,19.1468,0.512223926799997
"1768",1470,19.1469,2.7634244643
"1769",1471,19.147,0
"1770",1472,19.1471,2.2764689037
"1771",1473,19.1472,0
"1772",1474,19.1473,0
"1773",1475,19.1474,0
"1774",1476,19.1475,0
"1775",1477,19.1476,0.755337818900003
"1776",1478,19.1477,0.378488885899998
"1777",1479,19.1478,3.4030855479
"1778",1480,19.1479,0
"1779",1481,19.148,3.3859856266
"1780",1482,19.1481,0
"1781",1483,19.1482,0
"1782",1484,19.1483,0
"1783",1485,19.1484,0
"1784",1486,19.1485,0
"1785",1487,19.1486,0
"1786",1488,19.1487,0
"1787",1489,19.1488,0
"1788",1490,19.1489,3.0398547072
"1789",1491,19.149,0
"1790",1492,19.1491,0
"1791",1493,19.1492,0.6736973947
"1792",1494,19.1493,1.3188970212
"1793",1495,19.1494,0.5505986513
"1794",1496,19.1495,0
"1795",1497,19.1496,0
"1796",1498,19.1497,0
"1797",1499,19.1498,2.9886210237
"1798",1500,19.1499,0
"1799",1501,19.15,1.2872718265
"1800",1502,19.1501,0
"1801",1503,19.1502,0
"1802",1504,19.1503,0
"1803",1505,19.1504,0
"1804",1506,19.1505,1.0831845489
"1805",1507,19.1506,2.4794531158
"1806",1508,19.1507,0
"1807",1509,19.1508,0
"1808",1510,19.1509,1.8760950147
"1809",1511,19.151,0
"1810",1512,19.1511,2.9028134439
"1811",1513,19.1512,0
"1812",1514,19.1513,0
"1813",1515,19.1514,0
"1814",1516,19.1515,0
"1815",1517,19.1516,0
"1816",1518,19.1517,2.4148665075
"1817",1519,19.1518,0
"1818",1520,19.1519,0
"1819",1521,19.152,0
"1820",1522,19.1521,0
"1821",1523,19.1522,0
"1822",1524,19.1523,0
"1823",1525,19.1524,2.8615724019
"1824",1526,19.1525,1.6984804997
"1825",1527,19.1526,0
"1826",1528,19.1527,0.242722308600001
"1827",1529,19.1528,1.6311291211
"1828",1530,19.1529,0
"1829",1531,19.153,0
"1830",1532,19.1531,0
"1831",1533,19.1532,0
"1832",1534,19.1533,0
"1833",1535,19.1534,0
"1834",1536,19.1535,0
"1835",1537,19.1536,0
"1836",1538,19.1537,0
"1837",1539,19.1538,0
"1838",1540,19.1539,0
"1839",1541,19.154,0
"1840",1542,19.1541,1.6726301375
"1841",1543,19.1542,1.186643577
"1842",1544,19.1543,0
"1843",1545,19.1544,0.678868494299998
"1844",1546,19.1545,0.633450318999998
"1845",1547,19.1546,0
"1846",1548,19.1547,0.896176644199997
"1847",1549,19.1548,0
"1848",1550,19.1549,0
"1849",1551,19.155,0
"1850",1552,19.1551,1.9920968064
"1851",1553,19.1552,0
"1852",1554,19.1553,0
"1853",1555,19.1554,0
"1854",1556,19.1555,2.1825441331
"1855",1557,19.1556,0
"1856",1558,19.1557,0
"1857",1559,19.1558,0
"1858",1560,19.1559,0
"1859",1561,19.156,0
"1860",1562,19.1561,0
"1861",1563,19.1562,0
"1862",1564,19.1563,0
"1863",1565,19.1564,0
"1864",1566,19.1565,0
"1865",1567,19.1566,0
"1866",1568,19.1567,0
"1867",1569,19.1568,0
"1868",1570,19.1569,0
"1869",1571,19.157,0
"1870",1572,19.1571,0
"1871",1573,19.1572,0
"1872",1574,19.1573,0.993133961799998
"1873",1575,19.1574,0.305984570100001
"1874",1576,19.1575,1.9476946975
"1875",1577,19.1576,0
"1876",1578,19.1577,0
"1877",1579,19.1578,0
"1878",1580,19.1579,0
"1879",1581,19.158,0
"1880",1582,19.1581,1.5578019881
"1881",1583,19.1582,0
"1882",1584,19.1583,1.6135326765
"1883",1585,19.1584,0
"1884",1586,19.1585,0
"1885",1587,19.1586,0
"1886",1588,19.1587,1.505826518
"1887",1589,19.1588,0
"1888",1590,19.1589,0
"1889",1591,19.159,0
"1890",1592,19.1591,0.354179592900003
"1891",1593,19.1592,0
"1892",1594,19.1593,1.6247328536
"1893",1595,19.1594,0
"1894",1596,19.1595,0
"1895",1597,19.1596,0
"1896",1598,19.1597,0
"1897",1599,19.1598,0
"1898",1600,19.1599,0
"1899",1601,19.16,0
"1900",1602,19.1601,0
"1901",1603,19.1602,0.733622228999998
"1902",1604,19.1603,0.826187516200001
"1903",1605,19.1604,0
"1904",1606,19.1605,0
"1905",1607,19.1606,0.364245391799997
"1906",1608,19.1607,0.691262193100002
"1907",1609,19.1608,0
"1908",1610,19.1609,0
"1909",1611,19.161,0
"1910",1612,19.1611,0
"1911",1613,19.1612,0
"1912",1614,19.1613,1.3213981568
"1913",1615,19.1614,0
"1914",1616,19.1615,0
"1915",1617,19.1616,1.2124109623
"1916",1618,19.1617,0
"1917",1619,19.1618,0
"1918",1620,19.1619,0.315699629599997
"1919",1621,19.162,0
"1920",1622,19.1621,0.6181439641
"1921",1623,19.1622,0
"1922",1624,19.1623,0.113553083699998
"1923",1625,19.1624,0
"1924",1626,19.1625,1.2552671257
"1925",1627,19.1626,0
"1926",1628,19.1627,0
"1927",1629,19.1628,0
"1928",1630,19.1629,0
"1929",1631,19.163,0
"1930",1632,19.1631,0
"1931",1633,19.1632,0
"1932",1634,19.1633,0
"1933",1635,19.1634,0.289308414399997
"1934",1636,19.1635,0.128161028500003
"1935",1637,19.1636,0
"1936",1638,19.1637,0.986741793900002
"1937",1639,19.1638,0
"1938",1640,19.1639,0
"1939",1641,19.164,0
"1940",1642,19.1641,0
"1941",1643,19.1642,0
"1942",1644,19.1643,0
"1943",1645,19.1644,0
"1944",1646,19.1645,0
"1945",1647,19.1646,0.980797328800001
"1946",1648,19.1647,0
"1947",1649,19.1648,0
"1948",1650,19.1649,0.979726901699998
"1949",1651,19.165,0
"1950",1652,19.1651,0
"1951",1653,19.1652,0
"1952",1654,19.1653,0
"1953",1655,19.1654,0
"1954",1656,19.1655,0
"1955",1657,19.1656,0
"1956",1658,19.1657,0
"1957",1659,19.1658,0.955278380400003
"1958",1660,19.1659,0
"1959",1661,19.166,0
"1960",1662,19.1661,0.987301735000003
"1961",1663,19.1662,0
"1962",1664,19.1663,0
"1963",1665,19.1664,0.288496345399999
"1964",1666,19.1665,0
"1965",1667,19.1666,0
"1966",1668,19.1667,0
"1967",1669,19.1668,0
"1968",1670,19.1669,0
"1969",1671,19.167,0
"1970",1672,19.1671,0
"1971",1673,19.1672,0
"1972",1674,19.1673,0
"1973",1675,19.1674,0
"1974",1676,19.1675,0
"1975",1677,19.1676,0
"1976",1678,19.1677,0.690466892099998
"1977",1679,19.1678,0
"1978",1680,19.1679,0
"1979",1681,19.168,0
"1980",1682,19.1681,0
"1981",1683,19.1682,0
"1982",1684,19.1683,0
"1983",1685,19.1684,0
"1984",1686,19.1685,0
"1985",1687,19.1686,0
"1986",1688,19.1687,0
"1987",1689,19.1688,0
"1988",1690,19.1689,0
"1989",1691,19.169,0
"1990",1692,19.1691,0
"1991",1693,19.1692,0
"1992",1694,19.1693,0
"1993",1695,19.1694,0
"1994",1696,19.1695,0
"1995",1697,19.1696,0
"1996",1698,19.1697,0
"1997",1699,19.1698,0.190169585900001
"1998",1700,19.1699,0
"1999",1701,19.17,0
"2000",1702,19.1701,0
"2001",1703,19.1702,0
"2002",1704,19.1703,0
"2003",1705,19.1704,0
"2004",1706,19.1705,0
"2005",1707,19.1706,0
"2006",1708,19.1707,0
"2007",1709,19.1708,0
"2008",1710,19.1709,0
"2009",1711,19.171,0
"2010",1712,19.1711,0
"2011",1713,19.1712,0
"2012",1714,19.1713,0
"2013",1715,19.1714,0
"2014",1716,19.1715,0
"2015",1717,19.1716,0
"2016",1718,19.1717,0
"2017",1719,19.1718,0
"2018",1720,19.1719,0
"2019",1721,19.172,0
"2020",1722,19.1721,0
"2021",1723,19.1722,0
"2022",1724,19.1723,0
"2023",1725,19.1724,0
"2024",1726,19.1725,0
"2025",1727,19.1726,0
"2026",1728,19.1727,0
"2027",1729,19.1728,0
"2028",1730,19.1729,0
"2029",1731,19.173,0
"2030",1732,19.1731,0
"2031",1733,19.1732,0
"2032",1734,19.1733,0
"2033",1735,19.1734,0
"2034",1736,19.1735,0
"2035",1737,19.1736,0
"2036",1738,19.1737,0
"2037",1739,19.1738,0
"2038",1740,19.1739,0
"2039",1741,19.174,0
